,RPI,INDPRO,CE16OV,UNRATE,PAYEMS,USGOOD,USTPU,HOUST,PERMIT,DPCERA3M086SBEA,AMTMTI,AMTMNO,ACOGNO,AMDMUO,BUSINV,ISRATIO,M1SL,M2SL,TOTRESNS,BUSLOANS,REALLN,DTCTHFNM,FEDFUNDS,TB3MS,TB6MS,GS1,GS5,GS10,AAA,TB3SMFFM,T1YFFM,AAAFFM,EXSZUS,EXCAUS,EXUSUK,WPSFD49207,WPSID61,CPIAUCSL,SP500,NASDAQ,GOLDBAR,Regime,P/E,Dividend Yield
1996-01,8909.327,74.6841,125125.0,5.6,118316.0,23196.0,23947.0,1467.0,1387.0,63.691,427759.0,285822.0,103775.0,452372.0,990730.0,1.5,1123.5,3647.9,56.9,721.8115,1068.4029,285496.58,5.56,5.0,4.92,5.09,5.36,5.65,6.81,-0.56,-0.47,1.25,1.1818,1.3669,1.5288,129.7,125.5,154.7,636.02002,1059.790039,20.754421,Normal,18.6845,2.26
1996-02,8983.863,75.8344,125639.0,5.5,118739.0,23280.0,23988.0,1491.0,1420.0,64.18,427813.0,277940.0,101651.0,453836.0,991277.0,1.5,1118.5,3661.8,53.8,724.169,1071.5306,286101.17,5.22,4.83,4.77,4.94,5.38,5.81,6.99,-0.39,-0.28,1.77,1.1967,1.3752,1.536,129.7,125.0,155.0,640.429993,1100.050049,21.372637,Normal,18.814,2.16
1996-03,9015.588,75.7631,125862.0,5.5,118993.0,23276.0,24030.0,1424.0,1437.0,64.491,428326.0,298862.0,106300.0,464172.0,989146.0,1.46,1122.6,3687.0,54.9,727.3465,1077.4374,287684.78,5.31,4.96,4.96,5.34,5.97,6.27,7.35,-0.35,0.03,2.04,1.1959,1.3656,1.5271,130.5,125.3,155.5,645.5,1101.400024,21.460953,Normal,18.963,2.18
1996-04,9039.466,76.4562,125994.0,5.6,119158.0,23316.0,24043.0,1516.0,1463.0,64.729,427475.0,290320.0,107977.0,465089.0,992111.0,1.46,1124.8,3697.8,55.9,732.078,1079.2906,289724.92,5.22,4.95,5.06,5.54,6.3,6.51,7.5,-0.27,0.32,2.28,1.218,1.3592,1.516,130.9,125.7,156.1,654.169983,1190.52002,21.637589000000002,Normal,18.7388,2.19
1996-05,9078.928,77.0161,126244.0,5.6,119486.0,23358.0,24137.0,1504.0,1457.0,64.813,426778.0,298700.0,107898.0,469914.0,993761.0,1.45,1116.5,3709.6,53.2,736.4489,1081.5961,295386.41,5.24,5.02,5.12,5.64,6.48,6.74,7.62,-0.22,0.4,2.38,1.2539,1.3693,1.5152,130.9,126.2,156.4,669.119995,1243.430054,22.255806,Normal,19.167,2.15
1996-06,9139.896,77.6669,126602.0,5.3,119769.0,23399.0,24195.0,1467.0,1429.0,64.889,426637.0,299606.0,106932.0,472134.0,993127.0,1.44,1115.2,3722.5,53.7,741.4196,1084.7936,303932.73,5.27,5.09,5.25,5.81,6.69,6.91,7.71,-0.18,0.54,2.44,1.2579,1.3658,1.5416,131.3,125.8,156.7,670.630005,1185.02002,19.208273000000002,Normal,19.2103,2.14
1996-07,9122.011,77.5662,126947.0,5.5,120015.0,23418.0,24242.0,1472.0,1450.0,65.026,426960.0,298909.0,108503.0,476647.0,997782.0,1.45,1112.4,3737.2,52.9,745.0417,1080.7461,307058.89,5.4,5.15,5.3,5.85,6.64,6.87,7.65,-0.25,0.45,2.25,1.232,1.3697,1.553,131.2,125.5,157.0,639.950012,1080.589966,19.739376,Normal,17.7764,2.24
1996-08,9152.051,78.016,127172.0,5.1,120199.0,23479.0,24267.0,1557.0,1413.0,65.25,427462.0,293231.0,107775.0,473958.0,999951.0,1.45,1101.6,3744.1,51.7,747.8313,1089.3211,309071.91,5.22,5.05,5.13,5.67,6.39,6.64,7.46,-0.17,0.45,2.24,1.2029,1.3722,1.5499,131.6,125.6,157.2,651.98999,1141.5,19.119747,Normal,18.1108,2.19
1996-09,9178.729,78.5532,127536.0,5.2,120410.0,23497.0,24299.0,1475.0,1392.0,65.333,429060.0,302015.0,109377.0,476545.0,1000678.0,1.44,1096.2,3753.5,51.0,758.5562,1096.1938,310633.46,5.3,5.09,5.24,5.83,6.6,6.83,7.66,-0.21,0.53,2.36,1.2343,1.3694,1.5593,131.7,126.1,157.7,687.330017,1226.920044,17.791985,Normal,19.0925,2.17
1996-10,9180.669,78.5065,127890.0,5.2,120665.0,23546.0,24368.0,1392.0,1358.0,65.527,429727.0,301595.0,109918.0,482916.0,1004389.0,1.44,1085.7,3770.9,49.6,765.9791,1104.9134,310021.81,5.24,4.99,5.11,5.55,6.27,6.53,7.39,-0.25,0.31,2.15,1.2586,1.3508,1.5863,132.4,126.0,158.2,705.27002,1221.51001,18.500137,Normal,18.2099,2.1
1996-11,9210.611,79.1996,127771.0,5.4,120961.0,23584.0,24412.0,1489.0,1412.0,65.69,430595.0,309537.0,110865.0,490023.0,1004457.0,1.43,1083.5,3790.0,49.7,772.0613,1111.9741,311893.89,5.31,5.03,5.07,5.42,5.97,6.2,7.1,-0.28,0.11,1.79,1.2752,1.3381,1.6623,132.5,125.8,158.7,757.02002,1292.609985,21.244173,Normal,19.5461,2.01
1996-12,9247.15,79.7143,127860.0,5.4,121143.0,23598.0,24437.0,1370.0,1411.0,65.95,430366.0,300179.0,109568.0,489147.0,1004646.0,1.43,1081.3,3810.4,51.2,778.6369,1122.9531,315926.58,5.29,4.91,5.04,5.47,6.07,6.3,7.2,-0.38,0.18,1.91,1.329,1.3622,1.6639,132.9,126.4,159.1,740.73999,1291.030029,20.408468,Normal,19.1257,2.0
1997-01,9301.336,79.8273,128298.0,5.3,121363.0,23618.0,24448.0,1355.0,1382.0,66.262,431496.0,300765.0,111828.0,488645.0,1007785.0,1.43,1081.2,3824.6,50.6,782.3795,1130.0739,318279.13,5.25,5.03,5.1,5.61,6.33,6.58,7.42,-0.22,0.36,2.17,1.3913,1.3494,1.6585,133.0,126.6,159.4,786.159973,1379.849976,19.077479999999998,Normal,19.5368,1.95
1997-02,9331.37,80.793,128298.0,5.2,121675.0,23686.0,24470.0,1486.0,1445.0,66.402,431959.0,310604.0,112582.0,491116.0,1010716.0,1.41,1078.8,3836.3,48.1,789.1741,1135.1078,318417.81,5.19,5.01,5.06,5.53,6.2,6.42,7.31,-0.18,0.34,2.12,1.4541,1.3556,1.6256,132.7,126.5,159.7,790.820007,1309.0,20.053539,Normal,19.6526,1.88
1997-03,9376.25,81.334,128891.0,5.2,121990.0,23739.0,24530.0,1457.0,1436.0,66.58,431905.0,307465.0,112010.0,490223.0,1010352.0,1.41,1072.5,3851.2,47.6,795.6368,1147.8021,321671.1,5.39,5.14,5.26,5.8,6.54,6.69,7.55,-0.25,0.41,2.16,1.4634,1.3725,1.6096,132.6,126.1,159.8,757.119995,1221.699951,16.859171,Normal,18.8151,1.9
1997-04,9384.101,81.3531,129143.0,5.1,122286.0,23765.0,24568.0,1492.0,1421.0,66.577,434015.0,313694.0,112112.0,492183.0,1014611.0,1.41,1063.9,3867.2,47.9,803.9079,1160.6111,327250.65,5.51,5.16,5.37,5.99,6.76,6.89,7.73,-0.35,0.48,2.22,1.4618,1.3942,1.6293,131.8,125.6,159.9,801.340027,1260.76001,15.883113,Normal,19.7618,1.98
1997-05,9427.274,81.8293,129464.0,4.9,122546.0,23809.0,24593.0,1442.0,1414.0,66.618,435337.0,308733.0,112586.0,492334.0,1018535.0,1.43,1063.8,3879.1,46.0,809.3295,1171.9932,330125.91,5.5,5.05,5.3,5.87,6.57,6.71,7.58,-0.45,0.37,2.08,1.4331,1.3804,1.6322,131.5,125.4,159.9,848.2800289999999,1400.319946,17.923964,Normal,20.9194,1.82
1997-06,9461.469,82.2285,129412.0,5.0,122814.0,23834.0,24632.0,1494.0,1402.0,66.947,435773.0,315090.0,112826.0,493879.0,1024680.0,1.42,1066.1,3895.8,46.6,813.3777,1183.6138,335809.06,5.56,4.93,5.13,5.69,6.38,6.49,7.41,-0.63,0.13,1.85,1.4424,1.3843,1.6449,131.3,125.4,160.2,885.1400150000001,1442.069946,15.577053,Normal,21.8284,1.73
1997-07,9503.694,82.8557,129822.0,4.9,123111.0,23862.0,24668.0,1437.0,1440.0,67.572,436687.0,318485.0,115290.0,495937.0,1026787.0,1.41,1065.5,3913.8,46.4,816.534,1190.5358,336867.48,5.52,5.05,5.12,5.54,6.12,6.22,7.14,-0.47,0.02,1.62,1.4824,1.3775,1.6694,130.9,125.1,160.4,954.3099980000001,1593.810059,16.244644,Normal,23.482,1.64
1997-08,9559.803,83.7214,130010.0,4.8,123093.0,23952.0,24559.0,1390.0,1449.0,67.983,438432.0,319106.0,114324.0,498648.0,1028019.0,1.41,1075.3,3947.3,46.7,822.5129,1196.6066,337591.91,5.54,5.14,5.19,5.56,6.16,6.3,7.22,-0.4,0.02,1.68,1.5128,1.3905,1.6035,131.4,125.3,160.8,899.4699710000001,1587.319946,16.200125,Normal,22.1326,1.65
1997-09,9588.741,84.4651,130019.0,4.9,123585.0,23996.0,24760.0,1546.0,1494.0,67.997,439531.0,318687.0,113331.0,501436.0,1034401.0,1.41,1066.9,3963.0,46.1,829.9567,1208.2337,339973.22,5.54,4.95,5.09,5.52,6.11,6.21,7.15,-0.59,-0.02,1.61,1.4702,1.3872,1.6013,131.6,125.5,161.2,947.2800289999999,1685.689941,17.579815,Normal,23.3091,1.64
1997-10,9639.34,85.1918,130179.0,4.7,123929.0,24053.0,24827.0,1520.0,1499.0,68.344,442038.0,319565.0,114683.0,504599.0,1038283.0,1.42,1065.6,3982.1,45.6,833.9212,1214.9569,341452.96,5.5,4.97,5.09,5.46,5.93,6.03,7.0,-0.53,-0.04,1.5,1.4516,1.3869,1.633,131.9,125.4,161.5,914.6199949999999,1593.609985,14.642427,Normal,23.0267,1.62
1997-11,9707.944,85.9397,130653.0,4.6,124235.0,24112.0,24884.0,1510.0,1469.0,68.625,441805.0,334896.0,115973.0,517043.0,1040118.0,1.41,1070.9,4004.6,46.5,839.904,1219.2345,343882.34,5.52,5.14,5.17,5.46,5.8,5.88,6.87,-0.38,-0.06,1.35,1.4069,1.4128,1.6889,131.6,125.6,161.7,955.400024,1600.550049,11.794054,Normal,24.0534,1.64
1997-12,9766.745,86.2047,130679.0,4.7,124549.0,24184.0,24917.0,1566.0,1456.0,69.016,443227.0,315121.0,114476.0,513317.0,1045495.0,1.42,1072.3,4022.8,47.9,845.1116,1220.6117,350397.35,5.5,5.16,5.24,5.53,5.77,5.81,6.76,-0.34,0.03,1.26,1.4393,1.4271,1.6597,131.4,125.4,161.8,970.429993,1570.349976,13.386651,Normal,24.4318,1.61
1998-01,9854.038,86.6474,130726.0,4.6,124812.0,24262.0,24945.0,1525.0,1555.0,68.955,445182.0,315893.0,112751.0,514063.0,1048304.0,1.43,1074.0,4046.1,47.5,855.6203,1224.5607,346137.35,5.56,5.04,5.03,5.24,5.42,5.54,6.61,-0.52,-0.32,1.05,1.4748,1.4409,1.635,130.7,124.6,162.0,980.2800289999999,1619.359985,13.925716,Normal,24.7921,1.61
1998-02,9921.725,86.7612,130807.0,4.6,125016.0,24283.0,24958.0,1584.0,1647.0,69.402,447466.0,322715.0,114508.0,513589.0,1054991.0,1.43,1077.8,4078.8,45.2,862.316,1237.6354,345044.5,5.51,5.09,5.07,5.31,5.49,5.57,6.67,-0.42,-0.2,1.16,1.4631,1.4334,1.6408,130.6,124.2,162.0,1049.339966,1770.5100100000002,13.880785000000001,Normal,26.5387,1.52
1998-03,9982.682,86.8198,130814.0,4.7,125164.0,24264.0,24976.0,1567.0,1605.0,69.711,448486.0,317454.0,113594.0,508657.0,1060201.0,1.43,1076.9,4104.3,45.6,866.1291,1252.4047,346672.86,5.49,5.03,5.04,5.39,5.61,5.65,6.72,-0.46,-0.1,1.23,1.4901,1.4166,1.6619,130.5,123.7,162.0,1101.75,1835.680054,15.542894,Normal,27.8642,1.45
1998-04,10019.79,87.1411,131209.0,4.3,125442.0,24340.0,25008.0,1540.0,1547.0,70.083,449663.0,320388.0,112401.0,510809.0,1062401.0,1.44,1076.5,4130.1,46.6,864.388,1258.9662,349284.19,5.45,4.95,5.06,5.38,5.61,5.64,6.69,-0.5,-0.07,1.24,1.5051,1.4298,1.6723,130.7,123.6,162.2,1111.75,1868.410034,16.126870999999998,Normal,28.5284,1.42
1998-05,10065.956,87.6952,131325.0,4.4,125844.0,24361.0,25088.0,1536.0,1554.0,70.59,450268.0,320787.0,114093.0,511034.0,1061497.0,1.43,1079.1,4154.0,45.0,876.0021,1259.72,350877.78,5.49,5.0,5.14,5.44,5.63,5.65,6.69,-0.49,-0.05,1.2,1.479,1.4452,1.6382,130.5,123.5,162.6,1090.819946,1778.869995,13.835875,Normal,27.9913,1.43
1998-06,10124.417,87.145,131244.0,4.5,126076.0,24387.0,25120.0,1641.0,1551.0,71.059,451186.0,311219.0,110209.0,509293.0,1061985.0,1.44,1076.3,4173.8,45.1,891.1117,1260.9963,358187.59,5.56,4.98,5.12,5.41,5.52,5.5,6.53,-0.58,-0.15,0.97,1.4949,1.4655,1.6504,130.4,123.1,162.8,1133.839966,1894.7399899999998,13.899204999999998,Normal,29.0952,1.44
1998-07,10143.124,86.8423,131329.0,4.5,126205.0,24238.0,25159.0,1698.0,1610.0,71.104,451307.0,308769.0,109076.0,507842.0,1064039.0,1.45,1075.1,4193.5,44.6,897.6725,1265.6399,361741.4,5.54,4.96,5.03,5.36,5.46,5.46,6.55,-0.58,-0.18,1.01,1.5136,1.4869,1.6437,130.7,123.0,163.2,1120.670044,1872.390015,11.823355000000001,Normal,29.4216,1.38
1998-08,10182.172,88.6247,131390.0,4.5,126544.0,24420.0,25199.0,1614.0,1654.0,71.429,451138.0,318026.0,112993.0,508658.0,1066363.0,1.44,1075.9,4218.5,44.7,903.9727,1272.2045,364259.32,5.55,4.9,4.95,5.21,5.27,5.34,6.52,-0.65,-0.34,0.97,1.4933,1.5346,1.6342,130.4,122.7,163.4,957.2800289999999,1499.25,9.386477000000001,Normal,25.1321,1.5
1998-09,10218.25,88.4515,131986.0,4.6,126752.0,24419.0,25249.0,1582.0,1577.0,71.96,450938.0,319546.0,112746.0,509084.0,1070815.0,1.44,1079.9,4257.4,44.2,912.3948,1275.0854,369486.82,5.51,4.61,4.63,4.71,4.62,4.81,6.4,-0.9,-0.8,0.89,1.4,1.5218,1.6823,130.4,122.3,163.5,1017.01001,1693.839966,14.440726000000002,Normal,26.7002,1.58
1998-10,10238.215,89.1677,131999.0,4.5,126954.0,24406.0,25262.0,1715.0,1719.0,72.203,451993.0,315959.0,113795.0,504267.0,1073223.0,1.43,1086.0,4297.5,44.1,931.3643,1283.8588,371648.17,5.07,3.96,4.05,4.12,4.18,4.53,6.37,-1.11,-0.95,1.3,1.3373,1.5452,1.6944,130.9,122.2,163.9,1098.670044,1771.390015,15.433544,Normal,29.1347,1.57
1998-11,10288.061,89.1098,132280.0,4.4,127231.0,24394.0,25313.0,1660.0,1672.0,72.399,451956.0,319291.0,112727.0,501947.0,1077587.0,1.43,1094.9,4336.1,44.1,942.256,1302.4669,374214.53,4.83,4.41,4.42,4.53,4.54,4.83,6.41,-0.42,-0.3,1.58,1.3852,1.5404,1.6611,130.8,122.0,164.1,1163.630005,1949.540039,14.440726000000002,Normal,30.8573,1.41
1998-12,10313.403,89.4407,132602.0,4.4,127596.0,24454.0,25378.0,1792.0,1742.0,72.99,448373.0,315467.0,113627.0,496363.0,1077183.0,1.43,1095.0,4365.0,45.2,939.1821,1311.2758,377026.34,4.68,4.39,4.4,4.52,4.45,4.65,6.22,-0.29,-0.16,1.54,1.3604,1.5433,1.6708,131.3,121.3,164.4,1229.22998,2192.689941,14.201373,Normal,32.5969,1.36
1999-01,10336.984,89.8594,133027.0,4.3,127702.0,24401.0,25399.0,1748.0,1732.0,72.885,446610.0,324278.0,114899.0,497889.0,1077080.0,1.42,1098.1,4392.4,46.8,937.8239,1317.5466,377337.01,4.63,4.34,4.33,4.51,4.6,4.72,6.24,-0.29,-0.12,1.61,1.3856,1.5194,1.6498,131.7,121.2,164.7,1279.640015,2505.889893,13.882746,Normal,33.3413,1.3
1999-02,10378.712,90.3386,132856.0,4.4,128120.0,24434.0,25504.0,1670.0,1720.0,73.251,446919.0,324617.0,117580.0,496745.0,1082721.0,1.41,1096.7,4415.2,45.5,935.9075,1320.175,379472.4,4.76,4.44,4.44,4.7,4.91,5.0,6.4,-0.32,-0.06,1.64,1.4272,1.4977,1.6276,131.2,120.8,164.7,1238.329956,2288.030029,12.881373,Normal,32.265,1.31
1999-03,10392.244,90.4819,132947.0,4.2,128227.0,24378.0,25533.0,1710.0,1665.0,73.567,448820.0,322604.0,117056.0,497553.0,1090051.0,1.42,1096.6,4422.0,43.2,944.4485,1326.282,381845.61,4.81,4.44,4.47,4.78,5.14,5.23,6.62,-0.37,-0.03,1.81,1.466,1.5176,1.6213,131.5,121.1,164.8,1286.369995,2461.399902,12.426199,Normal,33.5167,1.28
1999-04,10374.573,90.7274,132955.0,4.3,128597.0,24425.0,25601.0,1553.0,1600.0,73.985,448517.0,321414.0,116417.0,495575.0,1092918.0,1.42,1101.6,4450.6,43.6,947.2506,1332.0065,383575.87,4.74,4.29,4.37,4.69,5.08,5.18,6.64,-0.45,-0.05,1.9,1.4971,1.4881,1.6089,132.1,121.9,165.9,1335.180054,2542.860107,14.656544,Normal,32.5495,1.23
1999-05,10400.076,91.352,133311.0,4.2,128808.0,24445.0,25649.0,1611.0,1640.0,74.3,450139.0,325581.0,117624.0,493470.0,1095905.0,1.4,1103.8,4474.9,44.8,942.3977,1340.9947,391322.7,4.74,4.5,4.56,4.85,5.44,5.54,6.93,-0.24,0.11,2.19,1.5078,1.4611,1.6154,132.3,122.2,166.0,1301.839966,2470.52002,12.562754,Normal,31.7367,1.23
1999-06,10438.054,91.1994,133378.0,4.3,129089.0,24434.0,25701.0,1559.0,1702.0,74.622,449738.0,323793.0,118268.0,490371.0,1098782.0,1.4,1099.8,4496.7,42.3,949.7549,1347.0941,397369.78,4.76,4.57,4.82,5.1,5.81,5.9,7.23,-0.19,0.34,2.47,1.5374,1.4695,1.595,132.4,122.6,166.0,1372.709961,2686.1201170000004,14.278129000000002,Normal,33.4644,1.24
1999-07,10457.086,91.7766,133414.0,4.3,129414.0,24474.0,25757.0,1669.0,1682.0,74.753,451770.0,330548.0,118039.0,493650.0,1104062.0,1.4,1099.1,4523.9,41.6,958.5201,1354.4534,401509.11,4.99,4.55,4.58,5.03,5.68,5.79,7.19,-0.44,0.04,2.2,1.5474,1.489,1.5751,132.7,123.4,166.7,1328.719971,2638.48999,13.679372,Normal,30.2257,1.2
1999-08,10507.628,92.1629,133591.0,4.2,129569.0,24467.0,25794.0,1648.0,1671.0,75.156,452018.0,332510.0,119453.0,493236.0,1105895.0,1.39,1099.2,4541.2,41.7,969.1081,1370.2442,406497.16,5.07,4.72,4.87,5.2,5.84,5.94,7.4,-0.35,0.13,2.33,1.5093,1.4932,1.6058,133.5,124.1,167.1,1320.410034,2739.350098,14.278129000000002,Normal,30.0366,1.25
1999-09,10508.036,91.774,133707.0,4.2,129772.0,24485.0,25842.0,1635.0,1551.0,75.513,454847.0,333492.0,120616.0,495229.0,1112246.0,1.4,1096.5,4557.2,41.3,975.1826,1388.7393,410375.37,5.22,4.68,4.88,5.25,5.8,5.92,7.39,-0.54,0.03,2.17,1.5262,1.4771,1.6247,134.5,124.6,167.8,1282.709961,2746.159912,16.028351,Normal,29.179000000000002,1.26
1999-10,10578.269,92.9979,133993.0,4.1,130177.0,24505.0,25899.0,1608.0,1649.0,75.669,455920.0,341407.0,122864.0,499687.0,1115766.0,1.39,1103.3,4580.9,40.7,978.2668,1411.5601,412326.65,5.2,4.86,4.98,5.43,6.03,6.11,7.55,-0.34,0.23,2.35,1.4896,1.4776,1.6572,134.4,124.9,168.1,1362.930054,2966.429932,13.49514,Normal,28.2942,1.28
1999-11,10657.501,93.4371,134309.0,4.1,130466.0,24561.0,25937.0,1648.0,1672.0,76.026,459768.0,334281.0,121288.0,498501.0,1128337.0,1.39,1110.7,4599.9,41.0,1000.3036,1424.7013,415133.96,5.42,5.07,5.2,5.55,5.97,6.03,7.36,-0.35,0.13,1.94,1.5543,1.4674,1.6205,134.9,125.4,168.4,1388.910034,3336.159912,13.264847,Normal,28.8335,1.2
1999-12,10747.926,94.1593,134523.0,4.0,130772.0,24582.0,26030.0,1708.0,1683.0,77.03,463004.0,344248.0,121308.0,505667.0,1137260.0,1.39,1122.2,4627.4,41.7,1001.045,1460.1995,418351.44,5.3,5.2,5.44,5.84,6.19,6.28,7.55,-0.1,0.54,2.25,1.5841,1.4722,1.6132,135.2,125.8,168.8,1469.25,4069.3100590000004,13.102615,Normal,30.5013,1.17
2000-01,10855.813,94.1758,136559.0,4.0,131005.0,24628.0,26061.0,1636.0,1727.0,76.772,463496.0,350725.0,124292.0,510599.0,1140023.0,1.38,1122.1,4655.7,44.2,1003.624,1480.9903,421056.34,5.45,5.32,5.5,6.12,6.58,6.66,7.78,-0.13,0.67,2.33,1.5903,1.4486,1.6404,135.2,126.4,169.3,1394.459961,3940.350098,12.130336999999999,Normal,27.3692,1.17
2000-02,10899.897,94.4557,136598.0,4.1,131124.0,24609.0,26086.0,1737.0,1692.0,77.513,466513.0,331991.0,122716.0,509641.0,1146435.0,1.4,1108.6,4669.0,42.1,1016.5769,1491.6302,422437.48,5.73,5.55,5.72,6.22,6.68,6.52,7.68,-0.18,0.49,1.95,1.6348,1.4512,1.6,136.6,127.5,170.0,1366.420044,4696.689941,12.084039,Normal,26.8188,1.21
2000-03,10929.236,94.798,136701.0,4.0,131596.0,24705.0,26134.0,1604.0,1651.0,77.955,467223.0,344182.0,124989.0,511421.0,1150666.0,1.38,1107.5,4699.8,39.7,1026.2873,1517.7917,423323.75,5.85,5.69,5.85,6.22,6.5,6.26,7.68,-0.16,0.37,1.83,1.6636,1.4608,1.5799,137.3,128.4,171.0,1498.579956,4572.830078,11.621046,Normal,29.4128,1.16
2000-04,10984.37,95.4808,137270.0,3.8,131888.0,24688.0,26211.0,1626.0,1597.0,77.859,469884.0,347917.0,125393.0,511144.0,1157552.0,1.39,1115.6,4755.6,40.6,1035.2039,1541.1613,427912.64,6.02,5.66,5.81,6.15,6.26,5.99,7.64,-0.36,0.13,1.62,1.6657,1.4689,1.5823,136.9,128.3,170.9,1452.430054,3860.6599119999996,12.454427,Normal,27.9744,1.15
2000-05,11021.996,95.6435,136630.0,4.0,132105.0,24647.0,26137.0,1575.0,1543.0,78.229,470210.0,340085.0,124266.0,509757.0,1163974.0,1.4,1104.9,4743.1,41.6,1052.0609,1564.9923,432485.03,6.27,5.79,6.1,6.33,6.69,6.44,7.99,-0.48,0.06,1.72,1.719,1.4957,1.509,137.0,128.2,171.2,1420.599976,3400.9099119999996,13.42671,Normal,27.3613,1.18
2000-06,11050.319,95.7353,136940.0,4.0,132061.0,24672.0,26156.0,1559.0,1572.0,78.395,474316.0,374700.0,126141.0,537504.0,1174263.0,1.4,1102.6,4760.9,39.4,1062.7899,1585.2688,440928.0,6.53,5.69,5.97,6.17,6.3,6.1,7.67,-0.84,-0.36,1.14,1.642,1.477,1.5092,138.1,129.3,172.2,1454.599976,3966.110107,13.626327999999999,Normal,28.0162,1.14
2000-07,11105.581,95.5906,136531.0,4.0,132236.0,24717.0,26181.0,1463.0,1542.0,78.441,475759.0,343351.0,124970.0,537314.0,1175374.0,1.41,1103.5,4778.4,39.9,1068.583,1600.6811,449083.13,6.54,5.96,6.0,6.08,6.18,6.05,7.65,-0.58,-0.46,1.11,1.6519,1.4778,1.5076,138.2,129.6,172.7,1430.829956,3766.98999,11.950861,Normal,26.6449,1.13
2000-08,11159.103,95.3112,136662.0,4.1,132230.0,24683.0,26201.0,1541.0,1552.0,78.857,477559.0,340728.0,121739.0,539400.0,1183268.0,1.43,1100.2,4806.6,39.5,1071.6877,1613.9124,456248.36,6.5,6.09,6.07,6.18,6.06,5.83,7.55,-0.41,-0.32,1.05,1.7149,1.4828,1.4889,137.9,129.3,172.7,1517.680054,4206.350098,11.962581,Normal,28.2622,1.11
2000-09,11159.329,95.679,136893.0,3.9,132353.0,24642.0,26194.0,1507.0,1570.0,79.487,477896.0,354557.0,126958.0,545765.0,1183463.0,1.4,1099.7,4842.2,39.2,1072.9537,1624.5312,466632.9,6.52,6.0,5.98,6.13,5.93,5.8,7.62,-0.52,-0.39,1.1,1.7586,1.4864,1.4336,139.0,130.3,173.6,1436.51001,3672.820068,11.435336999999999,Normal,26.7507,1.11
2000-10,11173.664,95.397,137088.0,3.9,132351.0,24638.0,26214.0,1549.0,1577.0,79.436,479716.0,339610.0,126050.0,544382.0,1189920.0,1.42,1098.7,4858.2,38.8,1077.9502,1625.1935,484039.74,6.51,6.11,6.04,6.01,5.78,5.74,7.55,-0.4,-0.5,1.04,1.7745,1.5125,1.4506,139.5,130.7,173.9,1429.400024,3369.6298829999996,10.029353,Normal,28.588,1.17
2000-11,11172.874,95.4229,137322.0,3.9,132556.0,24623.0,26232.0,1551.0,1614.0,79.496,482228.0,343578.0,126063.0,548548.0,1197038.0,1.43,1092.4,4869.0,38.7,1080.48,1634.8037,490228.4,6.51,6.17,6.06,6.09,5.7,5.72,7.45,-0.34,-0.42,0.94,1.7779,1.5426,1.4258,140.2,130.7,174.2,1314.949951,2597.929932,11.247875,Normal,26.299,1.18
2000-12,11195.938,95.1573,137614.0,3.9,132709.0,24575.0,26280.0,1532.0,1543.0,79.89,480748.0,343858.0,125546.0,549507.0,1195894.0,1.42,1088.6,4913.7,38.4,1085.2784,1638.6214,495908.16,6.4,5.77,5.68,5.6,5.17,5.24,7.21,-0.63,-0.8,0.81,1.6855,1.5219,1.4629,140.5,131.3,174.6,1320.280029,2470.52002,12.3738,Normal,26.4056,1.22
2001-01,11276.396,94.5448,137778.0,4.2,132698.0,24533.0,26202.0,1600.0,1699.0,79.888,483066.0,331600.0,123752.0,545536.0,1197945.0,1.44,1096.7,4964.3,39.6,1094.0815,1641.5264,499626.06,5.98,5.15,4.95,4.81,4.86,5.16,7.15,-0.83,-1.17,1.17,1.6305,1.5032,1.4775,141.7,132.1,175.6,1366.01001,2772.72998,11.686364,Normal,30.0618,1.21
2001-02,11308.803,93.9398,137612.0,4.2,132789.0,24474.0,26207.0,1625.0,1656.0,79.992,478318.0,335205.0,125177.0,540932.0,1191600.0,1.42,1101.2,5002.6,39.1,1094.2839,1654.8232,504434.98,5.49,4.88,4.71,4.68,4.89,5.1,7.1,-0.61,-0.81,1.61,1.6686,1.5216,1.4525,141.9,131.8,176.0,1239.939941,2151.830078,12.237825,Normal,27.2874,1.23
2001-03,11349.539,93.7201,137783.0,4.3,132747.0,24409.0,26158.0,1590.0,1659.0,79.897,473309.0,333486.0,122787.0,540904.0,1186068.0,1.44,1108.9,5060.4,37.6,1092.0391,1668.3625,507303.15,5.31,4.42,4.28,4.3,4.64,4.89,6.98,-0.89,-1.01,1.67,1.6908,1.5587,1.4445,141.2,131.0,176.1,1160.329956,1840.2600100000002,10.794967,Recession,25.5354,1.35
2001-04,11322.69,93.4469,137299.0,4.4,132463.0,24254.0,26037.0,1649.0,1666.0,79.905,470260.0,321890.0,122438.0,537624.0,1184434.0,1.45,1116.7,5124.4,38.6,1089.1861,1682.4639,513651.53,4.8,3.87,3.85,3.98,4.76,5.14,7.2,-0.93,-0.82,2.4,1.7131,1.5578,1.4348,142.0,130.9,176.4,1249.459961,2116.23999,12.419121,Recession,33.9619,1.33
2001-05,11290.341,92.876,137092.0,4.3,132410.0,24119.0,26014.0,1605.0,1665.0,80.215,465875.0,329643.0,125831.0,534563.0,1182109.0,1.43,1118.5,5121.1,39.4,1084.1715,1695.2517,515086.48,4.21,3.62,3.62,3.78,4.93,5.39,7.29,-0.59,-0.43,3.08,1.7528,1.5411,1.4265,142.3,131.1,177.3,1255.819946,2110.48999,12.464446,Recession,34.1348,1.24
2001-06,11274.818,92.3208,136873.0,4.5,132299.0,23965.0,25979.0,1636.0,1626.0,80.224,460435.0,324044.0,122050.0,532521.0,1173176.0,1.44,1126.2,5161.3,38.1,1072.051,1699.9962,525218.47,3.97,3.49,3.45,3.58,4.81,5.28,7.18,-0.48,-0.39,3.21,1.7856,1.5245,1.402,141.8,130.9,177.7,1224.380005,2160.540039,11.516732000000001,Recession,33.2802,1.27
2001-07,11273.766,91.7933,137071.0,4.6,132177.0,23837.0,25914.0,1670.0,1598.0,80.382,454235.0,318401.0,122140.0,528062.0,1165045.0,1.43,1138.9,5191.3,39.3,1063.9733,1702.6363,529596.63,3.77,3.51,3.45,3.62,4.76,5.24,7.13,-0.26,-0.15,3.36,1.757,1.5308,1.4148,140.1,129.4,177.4,1211.22998,2027.130005,11.319084,Recession,42.7845,1.3
2001-08,11263.875,91.6795,136241.0,4.9,132028.0,23667.0,25903.0,1567.0,1615.0,80.806,449964.0,321838.0,125821.0,523516.0,1163600.0,1.42,1150.2,5225.2,39.7,1055.8574,1703.9798,537597.28,3.65,3.36,3.29,3.47,4.57,4.97,7.02,-0.29,-0.18,3.37,1.6808,1.5399,1.4372,140.7,129.1,177.4,1133.579956,1805.430054,12.17809,Recession,40.0417,1.33
2001-09,11282.01,91.3289,136846.0,5.0,131771.0,23537.0,25819.0,1562.0,1565.0,79.98,444924.0,311821.0,121145.0,518114.0,1157242.0,1.44,1205.7,5336.3,57.6,1059.2645,1714.2479,539689.26,3.07,2.64,2.63,2.82,4.12,4.73,7.17,-0.43,-0.25,4.1,1.6338,1.5679,1.4638,141.3,129.3,178.1,1040.939941,1498.800049,13.189128,Recession,36.7693,1.51
2001-10,11278.262,90.9315,136392.0,5.3,131454.0,23378.0,25744.0,1540.0,1566.0,81.913,439875.0,318537.0,121457.0,521240.0,1139077.0,1.4,1165.7,5324.9,44.6,1044.5721,1717.2749,545382.55,2.49,2.16,2.12,2.33,3.91,4.57,7.03,-0.33,-0.16,4.54,1.6357,1.5717,1.4501,139.0,127.6,177.6,1059.780029,1690.199951,11.851214,Recession,42.9235,1.46
2001-11,11293.592,90.486,136238.0,5.5,131142.0,23209.0,25655.0,1602.0,1651.0,81.503,434017.0,310008.0,122121.0,515757.0,1126312.0,1.39,1171.0,5368.5,40.1,1034.0312,1739.164,560789.08,2.09,1.87,1.88,2.18,3.97,4.65,6.97,-0.22,0.09,4.88,1.6509,1.5922,1.4356,138.5,127.0,177.5,1139.449951,1930.5799559999998,11.501532000000001,Normal,46.1503,1.39
2001-12,11314.301,90.5073,136047.0,5.7,130982.0,23094.0,25574.0,1568.0,1680.0,81.358,427353.0,311731.0,123183.0,509910.0,1118552.0,1.39,1183.2,5421.6,41.1,1021.7998,1757.7649,567353.6,1.82,1.69,1.78,2.22,4.39,5.09,6.77,-0.13,0.4,4.95,1.6566,1.5788,1.4413,138.0,126.1,177.4,1148.079956,1950.4000239999998,12.216291,Normal,46.4998,1.37
2002-01,11325.709,91.0794,135701.0,5.7,130852.0,22961.0,25510.0,1698.0,1665.0,81.601,424779.0,308617.0,121997.0,503401.0,1117388.0,1.39,1190.7,5442.0,43.7,1012.1151,1755.4509,563984.32,1.73,1.65,1.73,2.16,4.34,5.04,6.55,-0.08,0.43,4.82,1.6709,1.5997,1.4322,137.7,125.7,177.7,1130.199951,1934.030029,13.097095,Normal,45.7571,1.38
2002-02,11319.255,91.0553,136438.0,5.7,130736.0,22876.0,25511.0,1829.0,1787.0,81.967,419978.0,317481.0,120513.0,505885.0,1111859.0,1.38,1190.6,5471.4,42.5,1016.8199,1766.7787,570919.05,1.74,1.72,1.82,2.23,4.3,4.91,6.51,-0.02,0.49,4.77,1.697,1.5964,1.4227,138.0,125.5,178.0,1106.72998,1731.4899899999998,13.824710000000001,Normal,44.8069,1.43
2002-03,11304.44,91.798,136177.0,5.7,130717.0,22786.0,25493.0,1642.0,1691.0,81.955,417772.0,315160.0,120737.0,504730.0,1108193.0,1.37,1193.3,5483.4,40.3,1011.8605,1771.5961,571134.99,1.73,1.79,2.0,2.57,4.74,5.28,6.81,0.06,0.84,5.08,1.6743,1.5877,1.423,138.8,126.4,178.5,1147.390015,1845.3499760000002,14.215322,Normal,46.453,1.36
2002-04,11320.618,92.1771,136126.0,5.9,130623.0,22689.0,25488.0,1592.0,1669.0,82.37,417082.0,319110.0,123285.0,502106.0,1106806.0,1.35,1186.9,5483.5,40.9,1000.2827,1782.1053,574854.89,1.75,1.71,1.92,2.48,4.65,5.21,6.76,-0.04,0.73,5.01,1.6542,1.5815,1.4429,138.7,127.2,179.3,1076.920044,1688.22998,15.371846,Normal,40.2737,1.42
2002-05,11345.334,92.5668,136539.0,5.8,130634.0,22604.0,25466.0,1764.0,1716.0,82.057,416371.0,321471.0,124424.0,499674.0,1110725.0,1.35,1189.3,5509.4,40.3,990.974,1790.7545,577581.01,1.75,1.73,1.86,2.35,4.49,5.16,6.75,-0.02,0.6,5.0,1.5889,1.5502,1.4598,138.4,127.1,179.5,1067.140015,1615.72998,16.696869,Normal,39.908,1.48
2002-06,11365.35,93.4476,136415.0,5.8,130684.0,22578.0,25468.0,1717.0,1758.0,82.357,416818.0,316320.0,124490.0,492380.0,1112674.0,1.35,1193.3,5534.3,38.6,984.1007,1817.2125,587204.4,1.75,1.7,1.79,2.2,4.19,4.93,6.63,-0.05,0.45,4.88,1.5399,1.5318,1.4837,138.8,127.3,179.6,989.820007,1463.209961,14.613620999999998,Normal,37.0165,1.58
2002-07,11325.366,93.2237,136413.0,5.8,130590.0,22521.0,25480.0,1655.0,1738.0,82.89,417200.0,320937.0,123173.0,493321.0,1119258.0,1.36,1199.1,5576.9,39.4,976.6667,1837.0002,593815.44,1.73,1.68,1.69,1.96,3.81,4.65,6.53,-0.05,0.23,4.8,1.4718,1.5456,1.5565,138.6,127.7,180.0,911.6199949999999,1328.26001,11.789402,Normal,30.3469,1.77
2002-08,11317.208,93.2359,136705.0,5.7,130587.0,22449.0,25423.0,1633.0,1695.0,82.973,418613.0,326896.0,125665.0,495426.0,1120777.0,1.34,1187.1,5619.4,39.8,972.4687,1866.9506,592551.2,1.74,1.62,1.6,1.76,3.29,4.26,6.37,-0.12,0.02,4.63,1.4972,1.5694,1.5368,138.7,128.0,180.5,916.070007,1314.849976,12.366558,Normal,30.495,1.74
2002-09,11317.786,93.3654,137302.0,5.7,130501.0,22397.0,25378.0,1804.0,1803.0,82.709,420483.0,319466.0,127454.0,489727.0,1128958.0,1.36,1196.1,5643.7,38.9,966.3035,1901.7908,592529.85,1.75,1.63,1.6,1.72,2.94,3.87,6.15,-0.12,-0.03,4.4,1.4931,1.5761,1.5563,139.2,128.9,180.8,815.280029,1172.060059,11.966394000000001,Normal,27.1398,1.82
2002-10,11338.134,93.0834,137008.0,5.7,130628.0,22325.0,25393.0,1648.0,1799.0,82.999,420280.0,320658.0,127921.0,485819.0,1130630.0,1.36,1204.0,5688.3,38.7,962.8276,1946.932,593107.78,1.75,1.58,1.56,1.65,2.95,3.94,6.32,-0.17,-0.1,4.57,1.4932,1.578,1.5575,140.0,129.8,181.2,885.76001,1329.75,11.597016,Normal,32.1044,1.86
2002-11,11365.197,93.5693,136521.0,5.9,130615.0,22282.0,25356.0,1753.0,1771.0,83.24,419887.0,322463.0,127259.0,482514.0,1132381.0,1.35,1209.6,5738.4,39.2,960.5378,1980.5207,594256.2,1.34,1.23,1.27,1.49,3.05,4.05,6.31,-0.11,0.15,4.97,1.4658,1.5715,1.5711,140.0,129.9,181.5,936.3099980000001,1478.780029,11.289197999999999,Normal,33.9366,1.76
2002-12,11396.951,93.1103,136426.0,6.0,130472.0,22189.0,25373.0,1788.0,1896.0,83.761,423028.0,316933.0,127885.0,479610.0,1139523.0,1.37,1220.2,5759.7,40.3,957.8371,2009.7186,598344.33,1.24,1.19,1.24,1.45,3.03,4.03,6.21,-0.05,0.21,4.97,1.4388,1.5592,1.5863,139.7,130.0,181.8,879.820007,1335.51001,11.858665,Normal,31.8891,1.79
2003-01,11374.851,93.8198,137417.0,5.8,130580.0,22146.0,25322.0,1853.0,1808.0,83.758,421019.0,323882.0,130435.0,479051.0,1139589.0,1.35,1227.3,5792.3,42.9,950.3633,2033.7975,601847.63,1.24,1.17,1.2,1.36,3.05,4.05,6.17,-0.07,0.12,4.93,1.3765,1.5414,1.6175,141.1,131.4,182.6,855.7000119999999,1320.910034,12.750899,Normal,28.2223,1.8
2003-02,11342.881,93.9532,137482.0,5.9,130444.0,22023.0,25300.0,1629.0,1854.0,83.46,424506.0,330320.0,131374.0,481577.0,1148176.0,1.36,1238.2,5828.5,41.9,941.6378,2068.1112,597286.36,1.26,1.17,1.18,1.3,2.9,3.9,5.95,-0.09,0.04,4.69,1.3602,1.5121,1.6079,142.7,133.8,183.6,841.150024,1337.52002,12.495111,Normal,27.7424,1.93
2003-03,11364.418,93.7358,137434.0,5.9,130232.0,21945.0,25253.0,1726.0,1757.0,83.959,422535.0,330437.0,132409.0,481487.0,1149009.0,1.35,1239.3,5849.3,40.6,937.5317,2083.7658,601137.39,1.25,1.13,1.13,1.24,2.78,3.81,5.89,-0.12,-0.01,4.64,1.3614,1.4761,1.5825,144.0,136.3,183.9,848.179993,1341.170044,12.061033,Normal,27.9743,1.92
2003-04,11411.466,93.0657,137633.0,6.0,130177.0,21864.0,25241.0,1643.0,1803.0,84.377,421889.0,321380.0,127448.0,482630.0,1150317.0,1.38,1250.0,5886.5,41.2,935.1061,2106.7862,607158.35,1.26,1.13,1.14,1.27,2.93,3.96,5.74,-0.13,0.01,4.48,1.3783,1.4582,1.5739,142.2,133.1,183.2,916.919983,1464.310059,11.588203,Normal,26.5389,1.82
2003-05,11498.265,93.0918,137544.0,6.1,130196.0,21832.0,25216.0,1751.0,1835.0,84.57,420564.0,324549.0,128937.0,483646.0,1145246.0,1.37,1268.8,5946.6,41.8,924.0794,2131.4776,606170.12,1.26,1.07,1.08,1.18,2.52,3.57,5.22,-0.19,-0.08,3.96,1.3111,1.384,1.6224,141.9,132.4,182.9,963.590027,1595.910034,13.549279,Normal,27.8897,1.73
2003-06,11539.2,93.2476,137790.0,6.3,130194.0,21788.0,25183.0,1867.0,1875.0,85.05,417495.0,328625.0,131070.0,485622.0,1142115.0,1.35,1281.0,5983.3,42.0,917.3862,2150.9751,608202.13,1.22,0.92,0.92,1.01,2.27,3.33,4.97,-0.3,-0.21,3.75,1.3196,1.3525,1.6609,142.7,133.1,183.1,974.5,1622.800049,13.960582,Normal,28.2055,1.64
2003-07,11549.941,93.6582,137474.0,6.2,130191.0,21708.0,25159.0,1897.0,1885.0,85.468,414352.0,329530.0,134069.0,484344.0,1139701.0,1.33,1287.5,6030.0,43.6,921.4799,2177.735,613006.74,1.01,0.9,0.95,1.12,2.87,3.98,5.49,-0.11,0.11,4.48,1.3611,1.3821,1.6221,142.8,133.3,183.7,990.3099980000001,1735.02002,13.352244,Normal,25.669,1.64
2003-08,11565.037,93.5246,137549.0,6.1,130149.0,21706.0,25172.0,1833.0,1966.0,86.252,413035.0,330322.0,132024.0,486954.0,1132993.0,1.32,1296.4,6088.2,46.1,909.6978,2221.2915,622644.15,1.03,0.95,1.03,1.31,3.37,4.45,5.88,-0.08,0.28,4.85,1.3811,1.3963,1.5939,143.7,133.9,184.5,1008.01001,1810.449951,15.762210000000001,Normal,26.1278,1.66
2003-09,11574.945,94.0751,137609.0,6.1,130254.0,21700.0,25217.0,1939.0,1961.0,86.003,410461.0,336048.0,134769.0,489082.0,1136935.0,1.31,1297.2,6060.1,44.4,899.9004,2235.1658,669647.39,1.01,0.94,1.01,1.24,3.18,4.27,5.72,-0.07,0.23,4.71,1.3743,1.3634,1.6155,144.0,133.8,185.1,995.9699710000001,1786.939941,14.685912,Normal,25.8157,1.63
2003-10,11620.297,94.2079,137984.0,6.0,130454.0,21691.0,25253.0,1967.0,2012.0,86.126,410493.0,342054.0,134986.0,496707.0,1143104.0,1.32,1297.8,6050.9,43.1,886.9436,2213.347,679320.73,1.01,0.92,1.0,1.25,3.19,4.29,5.7,-0.09,0.24,4.69,1.3222,1.3221,1.6792,144.8,134.2,184.9,1050.709961,1932.209961,15.18506,Normal,21.5574,1.62
2003-11,11690.647,94.9338,138424.0,5.8,130474.0,21688.0,25211.0,2083.0,1918.0,86.611,408760.0,339229.0,133946.0,500875.0,1145108.0,1.31,1299.1,6056.1,42.6,881.8045,2202.379,679504.65,1.0,0.93,1.02,1.34,3.29,4.3,5.65,-0.07,0.34,4.65,1.3318,1.313,1.6897,144.6,134.2,185.0,1058.199951,1960.2600100000002,17.423424,Normal,21.7111,1.63
2003-12,11701.031,94.8662,138411.0,5.7,130588.0,21703.0,25207.0,2057.0,1987.0,86.733,408302.0,340507.0,134228.0,506423.0,1147795.0,1.31,1306.2,6054.2,43.0,883.6241,2207.3698,686085.21,0.98,0.9,0.99,1.31,3.27,4.27,5.62,-0.08,0.33,4.64,1.2643,1.3128,1.7516,145.1,135.0,185.5,1111.920044,2003.369995,17.891039000000003,Normal,22.8133,1.61
2004-01,11673.666,95.1085,138472.0,5.7,130769.0,21715.0,25299.0,1911.0,1952.0,87.005,407705.0,339193.0,135221.0,510186.0,1148368.0,1.31,1306.0,6062.7,45.5,876.4072,2224.3895,689887.49,1.0,0.88,0.97,1.24,3.12,4.15,5.54,-0.12,0.24,4.54,1.2391,1.2958,1.8255,145.9,136.6,186.3,1131.130005,2066.149902,15.519749,Normal,21.7525,1.55
2004-02,11688.277,95.6847,138542.0,5.6,130825.0,21693.0,25309.0,1846.0,1966.0,87.154,410536.0,341261.0,135911.0,514772.0,1158745.0,1.31,1321.4,6101.6,43.9,874.5731,2252.4199,687869.27,1.01,0.93,0.99,1.24,3.07,4.08,5.5,-0.08,0.23,4.49,1.2448,1.3299,1.8673,145.8,137.8,186.7,1144.939941,2029.819946,16.110605,Normal,22.0181,1.56
2004-03,11730.978,95.2088,138453.0,5.8,131142.0,21758.0,25382.0,1998.0,2066.0,87.62,412711.0,354358.0,138786.0,522529.0,1168100.0,1.28,1328.7,6137.4,44.2,869.3901,2288.988,689370.52,1.0,0.94,0.99,1.19,2.79,3.83,5.33,-0.06,0.19,4.33,1.2778,1.3286,1.8261,146.2,138.4,187.1,1126.209961,1994.219971,18.733992,Normal,21.6579,1.6
2004-04,11777.237,95.6385,138680.0,5.6,131411.0,21802.0,25417.0,2003.0,2070.0,87.597,414863.0,349488.0,138575.0,527165.0,1176070.0,1.3,1332.8,6178.4,46.1,864.5056,2343.1149,695264.06,1.0,0.94,1.09,1.43,3.39,4.35,5.73,-0.06,0.43,4.73,1.2969,1.342,1.8031,147.2,140.1,187.4,1107.300049,1920.1500239999998,15.14947,Normal,19.7204,1.61
2004-05,11844.274,96.3966,138852.0,5.6,131694.0,21881.0,25447.0,1981.0,2150.0,88.118,418489.0,351373.0,139698.0,531048.0,1183161.0,1.29,1333.3,6255.0,46.3,862.8524,2383.9597,704757.45,1.0,1.02,1.31,1.78,3.85,4.72,6.04,0.02,0.78,5.04,1.2839,1.3789,1.786,148.4,141.7,188.2,1120.680054,1986.7399899999998,16.283916,Normal,19.9587,1.67
2004-06,11858.492,95.6019,139174.0,5.6,131793.0,21885.0,25490.0,1828.0,2020.0,87.692,422643.0,354635.0,140595.0,535482.0,1195398.0,1.31,1342.7,6257.3,45.7,869.1651,2409.8707,710912.47,1.03,1.27,1.6,2.12,3.93,4.73,6.01,0.24,1.09,4.98,1.2503,1.3578,1.8279,148.4,142.2,188.9,1140.839966,2047.790039,15.726845999999998,Normal,20.3177,1.64
2004-07,11898.458,96.3385,139556.0,5.5,131848.0,21900.0,25487.0,2002.0,2112.0,88.376,426260.0,356710.0,137739.0,543311.0,1207045.0,1.31,1340.8,6271.0,46.8,878.0876,2413.5313,716151.5,1.26,1.33,1.66,2.1,3.69,4.5,5.82,0.07,0.84,4.56,1.2452,1.3225,1.8438,148.2,142.9,189.1,1101.719971,1887.359985,15.225182,Normal,19.0708,1.7
2004-08,11944.486,96.4095,139573.0,5.4,131937.0,21944.0,25497.0,2024.0,2056.0,88.695,429820.0,355629.0,142413.0,543542.0,1217193.0,1.31,1354.3,6297.1,45.8,883.0435,2437.2858,723613.47,1.43,1.48,1.72,2.02,3.47,4.28,5.65,0.05,0.59,4.22,1.2623,1.3127,1.8203,148.6,144.4,189.2,1104.23999,1838.0999760000002,15.925923999999998,Normal,19.1144,1.74
2004-09,11959.694,96.4907,139487.0,5.4,132093.0,21957.0,25556.0,1905.0,2041.0,89.249,430989.0,361042.0,142384.0,548017.0,1217197.0,1.3,1362.5,6331.7,46.5,886.8317,2466.4591,734800.9,1.61,1.65,1.87,2.12,3.36,4.13,5.46,0.04,0.51,3.85,1.2629,1.2881,1.7937,148.8,144.8,189.8,1114.579956,1896.839966,16.754066,Normal,19.2934,1.71
2004-11,11945.706,97.6137,140231.0,5.4,132503.0,21997.0,25598.0,1782.0,2079.0,89.588,439997.0,373177.0,149822.0,554750.0,1238758.0,1.3,1374.2,6386.4,45.6,897.6471,2526.1685,751863.72,1.93,2.07,2.27,2.5,3.53,4.19,5.52,0.14,0.57,3.59,1.1711,1.1968,1.8607,152.1,147.9,191.7,1173.819946,2096.810059,19.580919,Normal,20.0482,1.66
2004-12,12354.11,98.3318,140125.0,5.4,132624.0,22005.0,25622.0,2042.0,2082.0,90.19,441222.0,373419.0,147719.0,558457.0,1241744.0,1.28,1376.0,6405.0,46.8,906.4344,2552.7749,743896.27,2.16,2.19,2.43,2.67,3.6,4.23,5.47,0.03,0.51,3.31,1.1465,1.2189,1.9286,151.4,147.7,191.7,1211.920044,2175.439941,19.372845,Normal,20.6989,1.62
2005-01,12029.712,98.7845,140245.0,5.3,132774.0,21958.0,25652.0,2144.0,2139.0,89.955,446240.0,378937.0,149256.0,559852.0,1252326.0,1.29,1367.1,6411.2,50.4,921.4621,2575.9652,744811.65,2.28,2.33,2.61,2.86,3.71,4.22,5.36,0.05,0.58,3.08,1.1792,1.2248,1.8797,151.9,148.5,191.6,1181.27002,2062.409912,17.485151000000002,Normal,19.5834,1.67
2005-02,12040.24,99.4639,140385.0,5.4,133032.0,22036.0,25719.0,2207.0,2114.0,90.334,451361.0,381880.0,151286.0,564784.0,1261207.0,1.29,1371.1,6419.6,46.6,931.8635,2606.2219,746918.46,2.5,2.54,2.77,3.03,3.77,4.17,5.2,0.04,0.53,2.7,1.1918,1.2401,1.8871,152.7,149.5,192.4,1203.599976,2051.719971,19.916760999999997,Normal,19.9536,1.66
2005-03,12080.643,99.3061,140654.0,5.2,133156.0,22066.0,25744.0,1864.0,2062.0,90.499,455394.0,374642.0,152261.0,562236.0,1269321.0,1.3,1370.9,6428.6,45.9,945.8462,2650.2062,751034.07,2.63,2.74,3.0,3.3,4.17,4.5,5.4,0.11,0.67,2.77,1.1756,1.216,1.9043,153.7,150.7,193.1,1180.589966,1999.22998,19.164881,Normal,19.5721,1.69
2005-04,12122.341,99.4734,141254.0,5.2,133518.0,22136.0,25818.0,2061.0,2150.0,91.062,456990.0,385450.0,155253.0,561491.0,1274973.0,1.28,1358.4,6442.6,46.5,958.5697,2681.2617,755097.87,2.79,2.78,3.05,3.32,4.0,4.34,5.33,-0.01,0.53,2.54,1.1954,1.2359,1.8961,154.2,151.3,193.7,1156.849976,1921.6500239999998,17.853089999999998,Normal,18.2584,1.76
2005-05,12179.018,99.6033,141609.0,5.1,133690.0,22172.0,25859.0,2025.0,2085.0,90.999,457623.0,395916.0,154722.0,574720.0,1276171.0,1.29,1366.0,6459.9,46.3,968.6514,2695.9495,757762.53,3.0,2.84,3.08,3.33,3.85,4.14,5.15,-0.16,0.33,2.15,1.2172,1.2555,1.8559,153.9,150.6,193.6,1191.5,2068.219971,18.389008,Normal,18.8052,1.76
2005-06,12212.817,99.9853,141714.0,5.0,133942.0,22185.0,25903.0,2068.0,2178.0,91.799,458507.0,400506.0,155614.0,590937.0,1276129.0,1.28,1380.1,6492.3,46.0,975.0765,2733.5677,764988.55,3.04,2.97,3.13,3.36,3.77,4.0,4.96,-0.07,0.32,1.92,1.2665,1.2402,1.8177,153.9,151.1,193.7,1191.329956,2056.959961,20.219084,Normal,18.8026,1.74
2005-07,12222.897,99.6692,142026.0,5.0,134296.0,22205.0,25963.0,2054.0,2203.0,92.507,461924.0,386590.0,156154.0,594807.0,1270367.0,1.27,1369.0,6523.9,47.1,989.5856,2781.3099,765290.44,3.26,3.22,3.42,3.64,3.98,4.18,5.06,-0.04,0.38,1.8,1.2945,1.2229,1.7507,155.0,152.3,194.9,1234.180054,2184.830078,19.790948999999998,Normal,18.5396,1.73
2005-08,12241.01,99.9435,142434.0,4.9,134498.0,22228.0,25997.0,2095.0,2219.0,92.168,461964.0,401287.0,161824.0,604717.0,1274946.0,1.26,1377.8,6556.6,45.5,995.8948,2823.9101,767003.26,3.5,3.44,3.66,3.87,4.12,4.26,5.09,-0.06,0.37,1.59,1.2629,1.2043,1.7944,156.3,153.2,196.1,1220.329956,2152.090088,21.180351,Normal,18.3315,1.74
2005-09,12202.979,98.0779,142401.0,5.0,134566.0,22226.0,25988.0,2151.0,2263.0,91.844,463598.0,404154.0,166811.0,610942.0,1282479.0,1.25,1378.6,6590.7,46.1,1000.9576,2845.1832,770467.55,3.62,3.42,3.67,3.85,4.01,4.2,5.13,-0.2,0.23,1.51,1.2671,1.1777,1.8064,158.8,157.2,198.8,1228.810059,2151.689941,23.466402,Normal,18.4589,1.75
2005-10,12293.246,99.3149,142548.0,5.0,134655.0,22292.0,25997.0,2065.0,2170.0,92.126,467552.0,409487.0,164383.0,619436.0,1291038.0,1.25,1376.5,6624.7,44.8,1014.4791,2870.1336,773524.18,3.78,3.71,3.99,4.18,4.33,4.46,5.35,-0.07,0.4,1.57,1.288,1.1774,1.7651,160.5,162.3,199.1,1207.01001,2120.300049,20.39679,Normal,17.2603,1.82
2005-11,12396.53,100.3216,142499.0,5.0,134993.0,22357.0,26036.0,2147.0,2218.0,92.446,470206.0,421486.0,162238.0,638462.0,1300841.0,1.26,1376.1,6641.2,44.7,1022.6322,2894.2777,775362.5,4.0,3.88,4.15,4.33,4.45,4.54,5.42,-0.12,0.33,1.42,1.311,1.1815,1.7349,158.7,160.3,198.1,1249.47998,2232.820068,21.495392000000002,Normal,17.8676,1.78
2005-12,12463.963,100.9437,142752.0,4.9,135149.0,22376.0,26055.0,1994.0,2120.0,92.767,474639.0,422981.0,163990.0,653074.0,1314317.0,1.26,1374.3,6668.0,45.4,1036.1809,2925.8231,781358.94,4.16,3.89,4.18,4.35,4.39,4.47,5.37,-0.27,0.19,1.21,1.3053,1.1615,1.7458,159.6,160.2,198.1,1248.290039,2205.320068,22.603855,Normal,17.8506,1.76
2006-01,12615.534,101.0627,143150.0,4.7,135429.0,22467.0,26092.0,2273.0,2212.0,93.245,479543.0,415824.0,167243.0,657114.0,1322945.0,1.25,1379.5,6710.5,47.1,1048.8406,2944.7817,777349.9,4.29,4.24,4.31,4.45,4.35,4.42,5.29,-0.05,0.16,1.0,1.2773,1.1572,1.7686,160.5,162.4,199.3,1280.079956,2305.820068,25.515508999999998,Normal,17.615,1.75
2006-02,12671.717,101.0669,143457.0,4.8,135737.0,22535.0,26128.0,2119.0,2141.0,93.509,481048.0,421074.0,162922.0,670468.0,1327081.0,1.26,1378.4,6734.8,44.6,1058.4971,2972.807,767378.68,4.49,4.43,4.52,4.68,4.57,4.57,5.35,-0.06,0.19,0.86,1.3052,1.1489,1.748,158.7,161.6,199.4,1280.660034,2281.389893,22.198338,Normal,17.623,1.77
2006-03,12704.101,101.2751,143741.0,4.7,136047.0,22572.0,26169.0,1969.0,2118.0,93.679,486076.0,430457.0,165535.0,689656.0,1340143.0,1.26,1383.2,6749.3,42.7,1068.7084,2997.7845,774480.04,4.59,4.51,4.62,4.77,4.72,4.72,5.53,-0.08,0.18,0.94,1.305,1.1573,1.7442,159.3,161.5,199.7,1294.869995,2339.790039,22.092899,Normal,17.8185,1.76
2006-04,12708.846,101.6813,143761.0,4.7,136205.0,22631.0,26153.0,1821.0,1998.0,93.82,491322.0,418625.0,165064.0,700280.0,1348626.0,1.27,1381.4,6786.4,44.7,1084.9861,3030.4891,776729.98,4.79,4.6,4.72,4.9,4.9,4.99,5.84,-0.19,0.11,1.05,1.283,1.1441,1.768,160.6,163.0,200.7,1310.609985,2322.570068,24.720688,Normal,17.5944,1.77
2006-05,12701.954,101.579,144089.0,4.6,136244.0,22597.0,26149.0,1942.0,1905.0,93.999,496672.0,423472.0,169705.0,707154.0,1363396.0,1.27,1387.2,6793.0,45.5,1103.1926,3058.5945,777623.37,4.94,4.72,4.82,5.0,5.0,5.11,5.95,-0.22,0.06,1.01,1.219,1.11,1.8687,160.6,164.4,201.3,1270.089966,2178.8798829999996,24.82613,Normal,17.0505,1.8
2006-06,12730.66,101.9693,144353.0,4.6,136325.0,22598.0,26168.0,1802.0,1867.0,94.034,501897.0,427440.0,168231.0,718927.0,1375676.0,1.28,1375.4,6831.0,45.1,1118.79,3093.0225,785318.65,4.99,4.79,4.97,5.16,5.07,5.11,5.89,-0.2,0.17,0.9,1.2321,1.1137,1.8435,161.4,165.2,201.8,1270.199951,2172.090088,24.178808,Normal,17.052,1.87
2006-07,12715.713,101.9319,144202.0,4.7,136520.0,22590.0,26191.0,1737.0,1763.0,94.531,506637.0,416849.0,164909.0,726406.0,1380716.0,1.29,1372.4,6872.5,44.9,1130.5561,3120.2378,794497.22,5.24,4.95,5.06,5.22,5.04,5.09,5.85,-0.29,-0.02,0.61,1.2376,1.1294,1.8443,161.0,165.5,202.9,1276.660034,2091.469971,25.159029,Normal,16.2487,1.88
2006-08,12709.549,102.3327,144625.0,4.7,136694.0,22572.0,26208.0,1650.0,1722.0,94.224,511525.0,418759.0,166536.0,727801.0,1391474.0,1.28,1372.4,6903.3,42.7,1152.3079,3130.0764,805602.77,5.25,4.96,4.97,5.08,4.82,4.88,5.68,-0.29,-0.17,0.43,1.2318,1.1182,1.8941,162.1,166.5,203.8,1303.819946,2183.75,27.348194,Normal,16.5944,1.85
2006-09,12795.596,102.1252,144815.0,4.5,136843.0,22537.0,26242.0,1720.0,1655.0,94.809,516251.0,435776.0,159473.0,756106.0,1396584.0,1.31,1364.4,6930.5,42.6,1151.2159,3158.0981,816345.07,5.25,4.81,4.89,4.97,4.67,4.72,5.51,-0.44,-0.28,0.26,1.2455,1.1161,1.8839,160.2,164.7,202.8,1335.849976,2258.429932,25.093681,Normal,17.002,1.83
2006-10,12870.822,102.0668,145314.0,4.4,136852.0,22456.0,26268.0,1491.0,1570.0,95.228,519748.0,415798.0,158589.0,766321.0,1401478.0,1.32,1370.3,6979.5,41.7,1161.3387,3307.8219,821745.98,5.25,4.92,4.92,5.01,4.69,4.73,5.51,-0.33,-0.24,0.26,1.2602,1.1285,1.8765,158.7,163.0,201.9,1377.939941,2366.709961,25.322407000000002,Normal,16.9052,1.79
2006-11,12933.502,101.9688,145534.0,4.5,137063.0,22408.0,26321.0,1570.0,1535.0,95.264,522206.0,426451.0,161288.0,782311.0,1407567.0,1.32,1370.8,7014.3,42.1,1170.0066,3335.565,824717.39,5.25,4.94,4.95,5.01,4.58,4.6,5.33,-0.31,-0.24,0.08,1.2356,1.1359,1.9125,160.0,163.8,202.0,1400.630005,2431.77002,25.681820000000002,Normal,17.1835,1.77
2006-12,12998.472,103.0292,145970.0,4.4,137249.0,22405.0,26372.0,1649.0,1638.0,95.816,523476.0,437894.0,168094.0,795263.0,1408790.0,1.28,1366.6,7057.5,43.3,1182.6061,3371.5177,832937.09,5.24,4.85,4.88,4.94,4.53,4.56,5.32,-0.39,-0.3,0.08,1.2099,1.1532,1.9629,161.1,164.7,203.1,1418.300049,2415.290039,25.170416,Normal,17.4003,1.76
2007-01,13033.906,102.4933,146028.0,4.6,137477.0,22439.0,26418.0,1409.0,1626.0,95.953,524654.0,426522.0,163400.0,807327.0,1412746.0,1.31,1371.7,7095.5,44.6,1192.4894,3394.015,830990.1,5.25,4.98,4.95,5.06,4.75,4.76,5.4,-0.27,-0.19,0.15,1.2431,1.1763,1.9587,160.9,164.1,203.437,1438.23999,2463.929932,24.284945,Normal,17.2969,1.76
2007-02,13096.338,103.5264,146057.0,4.5,137558.0,22334.0,26466.0,1480.0,1598.0,95.957,527621.0,432196.0,167190.0,817342.0,1419159.0,1.3,1363.0,7111.3,42.6,1205.0888,3422.049,828199.65,5.26,5.03,4.96,5.05,4.71,4.72,5.39,-0.23,-0.21,0.13,1.2393,1.171,1.9589,162.7,165.3,204.226,1406.819946,2416.149902,24.489918,Normal,16.9191,1.75
2007-03,13147.949,103.7521,146320.0,4.4,137793.0,22391.0,26541.0,1495.0,1596.0,96.001,529275.0,442825.0,170178.0,831166.0,1420908.0,1.28,1366.5,7145.1,40.7,1215.803,3363.1561,831085.9,5.26,4.94,4.89,4.92,4.48,4.56,5.3,-0.32,-0.34,0.04,1.2178,1.1682,1.9474,164.1,166.7,205.288,1420.859985,2421.639893,23.407664999999998,Normal,17.0879,1.81
2007-04,13151.498,104.4814,145586.0,4.5,137842.0,22350.0,26527.0,1490.0,1470.0,96.104,533356.0,445768.0,171558.0,845904.0,1428267.0,1.28,1378.0,7217.4,42.5,1226.4736,3390.7394,837718.92,5.25,4.87,4.86,4.93,4.59,4.69,5.47,-0.38,-0.32,0.22,1.2124,1.135,1.9879,165.3,168.3,205.904,1482.369995,2525.090088,23.046925,Normal,17.4561,1.76
2007-05,13144.673,104.5322,145903.0,4.4,137993.0,22323.0,26560.0,1415.0,1493.0,96.192,538550.0,445073.0,174337.0,853831.0,1438393.0,1.27,1380.9,7231.0,44.1,1244.4542,3410.0179,844573.91,5.25,4.73,4.78,4.91,4.67,4.75,5.47,-0.52,-0.34,0.22,1.2211,1.0951,1.9842,166.0,169.7,206.755,1530.619995,2604.52002,23.883192,Normal,18.0243,1.72
2007-06,13127.988,104.5617,146063.0,4.6,138069.0,22323.0,26549.0,1448.0,1407.0,96.149,540962.0,446200.0,174024.0,863287.0,1445490.0,1.28,1368.2,7264.2,43.9,1263.8565,3427.6944,852963.87,5.25,4.61,4.76,4.96,5.03,5.1,5.79,-0.64,-0.29,0.54,1.233,1.0651,1.9867,166.1,170.4,207.234,1503.349976,2603.22998,23.958353,Normal,17.7031,1.73
2007-07,13134.159,104.5227,145905.0,4.7,138038.0,22277.0,26560.0,1354.0,1361.0,96.414,540919.0,451971.0,174525.0,878161.0,1446655.0,1.29,1371.8,7294.5,42.9,1281.6592,3447.4184,863453.14,5.26,4.82,4.83,4.96,4.88,5.0,5.73,-0.44,-0.3,0.47,1.2069,1.0502,2.0355,167.2,171.8,207.603,1455.27002,2546.27002,27.114884999999997,Normal,18.5149,1.74
2007-08,13137.613,104.7556,145682.0,4.6,138015.0,22165.0,26558.0,1330.0,1321.0,96.791,542218.0,451514.0,173380.0,891481.0,1452556.0,1.28,1376.3,7370.9,44.9,1307.6529,3469.5711,879460.31,5.02,4.2,4.38,4.47,4.43,4.67,5.79,-0.82,-0.55,0.77,1.2027,1.0579,2.011,166.0,170.1,207.667,1473.98999,2596.360107,26.801702000000002,Normal,18.7531,1.84
2007-09,13165.169,105.1611,146244.0,4.7,138095.0,22093.0,26587.0,1183.0,1261.0,96.865,548145.0,449604.0,176799.0,899964.0,1460799.0,1.28,1375.7,7389.2,42.7,1350.0446,3503.2381,885527.97,4.94,3.89,4.05,4.14,4.2,4.52,5.74,-1.05,-0.8,0.8,1.1852,1.0267,2.0184,167.6,171.4,208.547,1526.75,2701.5,33.197205,Normal,19.4243,1.8
2007-10,13139.629,104.7171,145946.0,4.7,138174.0,22056.0,26585.0,1264.0,1192.0,96.878,551289.0,457765.0,181773.0,910343.0,1466424.0,1.27,1379.4,7402.8,42.1,1374.8204,3558.2421,891353.35,4.76,3.9,4.01,4.1,4.2,4.53,5.66,-0.86,-0.66,0.9,1.1741,0.9754,2.0449,169.3,172.7,209.19,1549.380005,2859.1201170000004,36.37022,Normal,23.4116,1.77
2007-11,13127.498,105.3338,146595.0,4.7,138284.0,22015.0,26643.0,1197.0,1224.0,97.07,556906.0,467900.0,190668.0,920744.0,1476563.0,1.26,1371.8,7427.8,42.6,1393.759,3585.9674,892679.84,4.49,3.27,3.46,3.5,3.67,4.15,5.44,-1.22,-0.99,0.95,1.1233,0.9672,2.0701,172.4,176.7,210.834,1481.140015,2660.959961,33.386761,Normal,22.3805,1.88
2007-12,13177.454,105.3457,146273.0,5.0,138392.0,21976.0,26640.0,1037.0,1149.0,96.949,563065.0,479425.0,189351.0,944435.0,1487939.0,1.28,1373.4,7458.0,43.5,1417.7232,3599.2277,896985.06,4.24,3.0,3.23,3.26,3.49,4.1,5.49,-1.24,-0.98,1.25,1.1402,1.0021,2.0161,171.7,176.9,211.445,1468.359985,2652.280029,34.782528000000006,Recession,22.1874,1.87
2008-01,13188.347,105.0619,146378.0,5.0,138403.0,21947.0,26630.0,1084.0,1094.0,96.902,568520.0,478363.0,191064.0,960546.0,1501621.0,1.27,1377.7,7491.8,44.9,1441.0508,3613.6621,896771.21,3.94,2.75,2.75,2.71,2.98,3.74,5.33,-1.19,-1.23,1.39,1.1006,1.0099,1.9702,173.3,179.2,212.174,1378.550049,2389.860107,42.549664,Recession,22.8275,2.03
2008-02,13195.34,104.7094,146156.0,4.9,138324.0,21897.0,26583.0,1103.0,1014.0,96.536,570144.0,474058.0,191784.0,973939.0,1507881.0,1.28,1380.4,7576.5,43.8,1449.1598,3629.4741,893282.25,2.98,2.12,2.04,2.05,2.78,3.74,5.53,-0.86,-0.93,2.55,1.089,0.9986,1.9646,173.9,180.8,212.687,1330.630005,2271.47998,42.971523,Recession,22.0339,2.07
2008-03,13202.006,104.4616,146086.0,5.1,138275.0,21820.0,26581.0,1005.0,967.0,96.685,573085.0,472179.0,189361.0,990093.0,1507013.0,1.28,1388.7,7642.5,43.8,1470.7554,3647.644,891590.43,2.61,1.26,1.48,1.54,2.48,3.51,5.51,-1.35,-1.07,2.9,1.0126,1.0029,2.0015,175.4,184.6,213.448,1322.699951,2279.100098,35.940571000000006,Recession,21.9026,2.15
2008-04,13160.788,103.6704,146132.0,5.0,138035.0,21681.0,26463.0,1013.0,1008.0,96.842,571849.0,477165.0,196623.0,997485.0,1513936.0,1.27,1391.4,7685.2,45.0,1490.087,3660.2799,890438.55,2.28,1.29,1.55,1.74,2.84,3.68,5.55,-0.99,-0.54,3.27,1.0138,1.0137,1.9816,175.9,186.4,213.942,1385.589966,2412.800049,31.945345,Recession,26.9727,2.08
2008-05,13704.098,103.0863,145908.0,5.4,137858.0,21599.0,26384.0,973.0,995.0,96.96,573524.0,480823.0,198723.0,1007652.0,1517253.0,1.26,1393.4,7697.1,46.9,1491.1682,3650.0187,892486.56,1.98,1.73,1.82,2.06,3.15,3.88,5.57,-0.25,0.08,3.59,1.0448,0.9993,1.965,178.4,191.1,215.208,1400.380005,2522.659912,33.32671,Recession,27.2607,2.04
2008-06,13359.533,102.8445,145737.0,5.6,137687.0,21483.0,26323.0,1046.0,1180.0,96.791,577545.0,484426.0,203007.0,1015114.0,1526009.0,1.25,1404.6,7714.6,45.8,1498.1926,3637.1356,886753.54,2.0,1.86,2.13,2.42,3.49,4.1,5.68,-0.14,0.42,3.68,1.0371,1.0166,1.9664,181.2,195.3,217.463,1280.0,2292.97998,37.821715999999995,Recession,24.9173,2.14
2008-07,13138.288,102.3002,145532.0,5.8,137491.0,21360.0,26263.0,923.0,921.0,96.346,578433.0,477568.0,202814.0,1017325.0,1536649.0,1.26,1421.1,7761.0,46.0,1512.0332,3629.7619,887372.9,2.01,1.63,1.93,2.28,3.3,4.01,5.67,-0.38,0.27,3.66,1.0283,1.013,1.9888,183.4,200.6,219.016,1267.380005,2325.550049,35.2033,Recession,27.5817,2.29
2008-08,13054.138,100.7353,145203.0,6.1,137213.0,21250.0,26166.0,844.0,858.0,96.332,580286.0,465690.0,195200.0,1020556.0,1537602.0,1.29,1407.4,7776.0,45.8,1513.7047,3630.5908,885917.93,2.0,1.72,1.92,2.18,3.14,3.89,5.64,-0.28,0.18,3.64,1.0841,1.0535,1.8865,182.0,198.1,218.69,1282.829956,2367.52002,28.869197999999997,Recession,27.918000000000003,2.25
2008-09,13067.915,96.3666,145076.0,6.1,136753.0,21101.0,26048.0,820.0,797.0,95.74,572905.0,450097.0,187622.0,1022298.0,1528271.0,1.31,1462.0,7845.9,102.9,1530.9336,3669.0284,879803.09,1.81,1.13,1.61,1.91,2.88,3.69,5.65,-0.68,0.1,3.84,1.1102,1.0582,1.7973,182.7,198.0,218.877,1166.359985,2091.8798829999996,30.539988,Recession,25.3832,2.37
2008-10,13131.123,97.2832,144802.0,6.5,136272.0,20895.0,25918.0,777.0,736.0,95.53,566977.0,419813.0,176812.0,1014009.0,1514987.0,1.36,1473.8,7954.0,314.8,1586.568,3826.3411,866180.44,0.97,0.67,1.2,1.42,2.73,3.81,6.28,-0.3,0.45,5.31,1.1429,1.1847,1.6862,178.3,189.4,216.995,968.75,1720.949951,18.90254,Recession,65.1042,2.96
2008-11,13211.827,96.0605,144100.0,6.8,135545.0,20623.0,25731.0,652.0,626.0,95.283,560330.0,388005.0,160116.0,1004902.0,1496483.0,1.44,1514.6,8004.6,609.1,1575.6038,3825.7828,855069.63,0.39,0.19,0.73,1.07,2.29,3.53,6.12,-0.2,0.68,5.73,1.191,1.2171,1.5327,172.9,179.7,213.153,896.23999,1535.569946,24.488522,Recession,60.2312,3.23
2008-12,13121.721,93.2521,143369.0,7.3,134839.0,20322.0,25551.0,560.0,554.0,94.92,543514.0,364348.0,149060.0,993460.0,1466005.0,1.47,1601.7,8181.0,820.9,1558.833,3819.3236,843686.96,0.16,0.03,0.26,0.49,1.52,2.42,5.05,-0.13,0.33,4.89,1.1404,1.2337,1.4854,169.7,172.3,211.398,903.25,1577.030029,31.007521,Recession,60.7023,3.23
2009-01,12971.02,91.0373,142152.0,7.8,134055.0,19889.0,25415.0,490.0,545.0,95.401,538339.0,346693.0,150271.0,975577.0,1448031.0,1.48,1582.8,8262.4,860.2,1544.8754,3801.3148,819511.57,0.15,0.13,0.3,0.44,1.6,2.52,5.05,-0.02,0.29,4.9,1.1267,1.2248,1.4462,170.8,172.4,211.933,825.880005,1476.420044,31.614695,Recession,120.3907,3.24
2009-02,12813.805,90.4502,141640.0,8.3,133312.0,19575.0,25268.0,582.0,558.0,95.035,530461.0,341500.0,150003.0,950793.0,1426186.0,1.45,1567.2,8291.6,701.0,1532.7378,3825.5322,803715.57,0.22,0.3,0.45,0.62,1.87,2.87,5.27,0.08,0.4,5.05,1.1639,1.2452,1.4422,170.6,170.9,212.705,735.090027,1377.839966,25.467152,Recession,107.156,3.43
2009-03,12778.19,89.016,140707.0,8.7,132512.0,19227.0,25123.0,505.0,513.0,94.652,523312.0,332434.0,145428.0,927825.0,1405422.0,1.47,1578.9,8357.6,778.1,1511.2927,3825.5719,794688.77,0.18,0.21,0.42,0.64,1.82,2.82,5.5,0.03,0.46,5.32,1.1555,1.2645,1.417,169.1,168.3,212.495,797.869995,1528.589966,27.339228000000002,Recession,116.3076,3.6
2009-04,12837.219,88.3056,140656.0,9.0,131817.0,18894.0,24942.0,478.0,521.0,94.564,516807.0,331988.0,146337.0,910126.0,1387422.0,1.45,1611.6,8360.7,881.7,1491.6121,3840.2085,786755.45,0.15,0.16,0.35,0.55,1.86,2.93,5.39,0.01,0.4,5.24,1.1481,1.2242,1.4712,170.0,168.4,212.709,872.8099980000001,1717.300049,24.539543,Recession,116.2197,3.15
2009-05,13027.964,87.4155,140248.0,9.4,131475.0,18655.0,24893.0,540.0,556.0,94.683,513863.0,341878.0,147902.0,901190.0,1371061.0,1.43,1617.5,8418.2,902.8,1469.3756,3877.7831,780544.98,0.18,0.18,0.3,0.5,2.13,3.29,5.54,0.0,0.32,5.36,1.1076,1.1528,1.5418,170.3,169.4,213.022,919.1400150000001,1774.3299559999998,32.112217,Recession,122.3888,2.9
2009-06,12825.058,87.0742,140009.0,9.5,131008.0,18422.0,24835.0,585.0,601.0,94.686,507536.0,343828.0,153202.0,886988.0,1353743.0,1.38,1658.8,8427.8,809.7,1436.2726,3860.2229,768923.93,0.21,0.18,0.31,0.51,2.71,3.72,5.61,-0.03,0.3,5.4,1.0809,1.1264,1.6369,173.5,171.7,214.79,919.320007,1835.040039,28.445909999999998,Normal,122.4128,2.76
2009-07,12774.081,88.0323,139901.0,9.5,130668.0,18278.0,24734.0,594.0,595.0,95.017,503983.0,350701.0,151670.0,879286.0,1338867.0,1.36,1662.5,8432.5,796.5,1395.3176,3839.3223,765121.92,0.16,0.18,0.27,0.48,2.46,3.56,5.41,0.02,0.32,5.25,1.078,1.1229,1.6378,171.5,171.1,214.726,987.4799800000001,1978.5,29.590522999999997,Normal,78.7464,2.67
2009-08,12743.854,89.019,139492.0,9.6,130485.0,18151.0,24697.0,586.0,616.0,95.891,501515.0,355786.0,155160.0,872162.0,1320339.0,1.32,1660.0,8432.2,828.7,1363.5106,3814.4473,761172.44,0.16,0.17,0.26,0.46,2.57,3.59,5.26,0.01,0.3,5.1,1.0683,1.0872,1.6532,173.9,173.8,215.445,1020.6199949999999,2009.060059,29.420959000000003,Normal,81.3892,2.42
2009-09,12763.787,89.6926,138818.0,9.8,130244.0,18043.0,24643.0,585.0,609.0,94.985,498247.0,358871.0,157490.0,860544.0,1315329.0,1.32,1664.9,8431.5,922.6,1337.6846,3767.575,752414.36,0.15,0.12,0.21,0.4,2.37,3.4,5.13,-0.03,0.25,4.98,1.0391,1.0816,1.6323,173.5,174.3,215.861,1057.079956,2122.419922,32.134132,Normal,84.2967,2.29
2009-10,12709.966,89.9797,138432.0,10.0,130045.0,17915.0,24537.0,534.0,583.0,95.086,502016.0,367192.0,161579.0,853526.0,1323157.0,1.31,1677.7,8458.3,1056.7,1307.8676,3743.1384,729066.3,0.12,0.07,0.16,0.37,2.33,3.39,5.15,-0.05,0.25,5.03,1.0213,1.0547,1.6212,174.3,175.0,216.509,1036.189941,2045.109985,30.463828999999997,Normal,20.3294,2.19
2009-11,12743.645,90.3375,138659.0,9.9,130057.0,17869.0,24519.0,588.0,623.0,94.933,504986.0,370284.0,164723.0,841994.0,1332443.0,1.3,1683.0,8488.4,1141.6,1290.1554,3804.4274,718230.87,0.12,0.05,0.15,0.31,2.23,3.4,5.19,-0.07,0.19,5.07,1.0131,1.0593,1.6599,176.6,176.9,217.234,1095.630005,2144.600098,36.195393,Normal,21.4956,2.1
2009-12,12808.646,90.6132,138013.0,9.9,129788.0,17792.0,24409.0,581.0,664.0,95.449,505294.0,369896.0,166931.0,825225.0,1331784.0,1.28,1692.8,8483.4,1140.4,1265.2839,3776.8763,710913.8,0.12,0.05,0.17,0.37,2.34,3.59,5.26,-0.07,0.25,5.14,1.0301,1.0537,1.6226,177.1,177.8,217.347,1115.099976,2269.149902,33.697403,Normal,21.8776,2.02
2010-01,12860.097,91.6642,138438.0,9.8,129790.0,17707.0,24476.0,614.0,636.0,95.287,505678.0,395108.0,168626.0,829405.0,1332686.0,1.27,1674.7,8445.7,1112.4,1238.7258,3757.8565,710973.4,0.11,0.06,0.15,0.35,2.48,3.73,5.26,-0.05,0.24,5.15,1.0345,1.0438,1.6158,178.9,180.8,217.488,1073.869995,2147.350098,29.795422,Normal,17.6247,1.98
2010-02,12852.303,91.994,138581.0,9.8,129698.0,17627.0,24461.0,604.0,650.0,95.577,510223.0,391427.0,165481.0,831746.0,1340213.0,1.28,1699.8,8495.3,1225.5,1223.6082,3720.995,702097.24,0.13,0.11,0.18,0.35,2.36,3.69,5.35,-0.02,0.22,5.22,1.0722,1.0572,1.5618,177.7,180.4,217.281,1104.48999,2238.26001,32.225605,Normal,18.1272,2.03
2010-03,12892.933,92.5993,138751.0,9.9,129879.0,17672.0,24521.0,636.0,687.0,96.016,512257.0,398796.0,169629.0,832910.0,1348255.0,1.26,1711.9,8492.4,1184.5,1210.0826,3704.2399,692658.01,0.16,0.15,0.22,0.4,2.43,3.73,5.27,-0.01,0.24,5.11,1.0666,1.0229,1.5058,178.9,181.3,217.353,1169.430054,2397.959961,32.807468,Normal,19.192999999999998,1.9
2010-04,12998.264,92.9436,139297.0,9.9,130110.0,17729.0,24507.0,687.0,637.0,96.203,514617.0,403812.0,168933.0,836244.0,1353065.0,1.25,1699.0,8522.8,1117.4,1207.4867,3713.4935,687386.63,0.2,0.16,0.24,0.45,2.58,3.85,5.29,-0.04,0.25,5.09,1.069,1.0052,1.5332,178.9,182.7,217.403,1186.689941,2461.189941,37.265656,Normal,17.6854,1.83
2010-05,13107.196,94.2997,139241.0,9.6,130650.0,17742.0,24526.0,583.0,575.0,96.355,515979.0,401975.0,166908.0,839486.0,1356333.0,1.26,1710.1,8577.5,1111.3,1196.7144,3699.35,681791.4,0.2,0.16,0.22,0.37,2.18,3.42,4.96,-0.04,0.17,4.76,1.1295,1.0403,1.4669,178.9,183.4,217.29,1089.410034,2257.040039,36.007793,Normal,16.2356,1.95
2010-06,13137.355,94.4397,139141.0,9.4,130511.0,17763.0,24549.0,536.0,587.0,96.603,519663.0,401935.0,167391.0,841643.0,1367379.0,1.27,1731.6,8596.6,1099.2,1190.0953,3682.3148,677809.06,0.18,0.12,0.19,0.32,2.0,3.2,4.88,-0.06,0.14,4.7,1.1255,1.0376,1.4768,178.3,182.3,217.199,1030.709961,2109.23999,39.229294,Normal,15.3608,2.03
2010-07,13176.118,94.8536,139179.0,9.4,130427.0,17777.0,24574.0,546.0,579.0,96.836,523124.0,405138.0,168300.0,843631.0,1379150.0,1.27,1724.0,8606.2,1087.8,1188.9312,3662.0439,675883.26,0.18,0.16,0.2,0.29,1.76,3.01,4.72,-0.02,0.11,4.54,1.053,1.0422,1.5304,178.5,181.9,217.605,1101.599976,2254.699951,35.505924,Normal,15.3298,2.05
2010-08,13224.463,95.1448,139438.0,9.5,130422.0,17793.0,24577.0,599.0,580.0,97.12,525541.0,407805.0,169704.0,846862.0,1390407.0,1.27,1748.7,8656.5,1085.1,1187.8226,3656.0463,673329.74,0.19,0.16,0.19,0.26,1.47,2.7,4.49,-0.03,0.07,4.3,1.0388,1.0404,1.5661,179.5,182.8,217.923,1049.329956,2114.030029,40.395546,Normal,14.6024,2.05
2010-09,13222.624,95.3637,139396.0,9.5,130357.0,17787.0,24623.0,594.0,563.0,97.227,530963.0,420271.0,172885.0,857510.0,1406819.0,1.28,1766.2,8687.7,1047.9,1185.9404,3643.5812,666627.91,0.19,0.15,0.19,0.26,1.41,2.65,4.53,-0.04,0.07,4.34,1.0002,1.033,1.5591,180.1,183.5,218.275,1141.199951,2368.6201170000004,40.093815,Normal,15.8809,1.99
2010-10,13247.875,95.1109,139119.0,9.4,130625.0,17801.0,24675.0,543.0,558.0,97.467,538205.0,418921.0,176993.0,862237.0,1421660.0,1.27,1780.4,8736.7,1039.7,1184.9234,3628.5507,644834.45,0.19,0.13,0.18,0.23,1.18,2.54,4.68,-0.06,0.04,4.49,0.9686,1.0179,1.5867,181.6,185.7,219.035,1183.26001,2507.409912,41.652865999999996,Normal,15.2975,1.92
2010-11,13279.581,95.1383,139044.0,9.8,130750.0,17827.0,24664.0,545.0,560.0,97.755,545295.0,425318.0,179854.0,869267.0,1432712.0,1.27,1828.4,8757.4,1038.6,1187.1136,3622.4473,642123.82,0.19,0.14,0.18,0.25,1.35,2.76,4.87,-0.05,0.06,4.68,0.9847,1.0129,1.5961,182.4,187.3,219.59,1180.550049,2498.22998,44.736336,Normal,15.2624,1.89
2010-12,13374.156,96.0599,139301.0,9.3,130822.0,17796.0,24686.0,539.0,632.0,97.887,553772.0,430090.0,186818.0,870463.0,1449943.0,1.27,1836.7,8789.3,1078.0,1192.4677,3613.5162,827673.57,0.18,0.14,0.19,0.29,1.93,3.29,5.02,-0.04,0.11,4.84,0.9689,1.0081,1.5595,184.0,189.3,220.472,1257.640015,2652.8701170000004,46.170235,Normal,16.2591,1.83
2011-01,13541.211,95.9364,139250.0,9.1,130841.0,17784.0,24721.0,630.0,576.0,97.973,560344.0,446419.0,191013.0,879671.0,1460561.0,1.25,1853.5,8825.9,1110.3,1196.0921,3602.9908,822949.0,0.17,0.15,0.18,0.27,1.99,3.39,5.04,-0.02,0.1,4.87,0.9565,0.9939,1.5782,185.4,192.0,221.187,1286.119995,2700.080078,41.247593,Normal,15.8175,1.79
2011-02,13576.031,95.5154,139394.0,9.0,131053.0,17844.0,24787.0,517.0,542.0,98.014,565896.0,438396.0,191849.0,881473.0,1468983.0,1.26,1872.6,8871.4,1263.7,1199.7752,3569.9778,816382.37,0.16,0.13,0.17,0.29,2.26,3.58,5.22,-0.03,0.13,5.06,0.95,0.9876,1.6124,187.4,194.8,221.898,1327.219971,2782.27002,45.857681,Normal,16.323,1.76
2011-03,13540.028,96.4643,139639.0,9.0,131288.0,17906.0,24845.0,600.0,583.0,98.369,573173.0,461221.0,199449.0,890499.0,1488737.0,1.24,1891.3,8915.7,1434.9,1206.8755,3539.8614,814946.14,0.14,0.1,0.16,0.26,2.11,3.41,5.13,-0.04,0.12,4.99,0.9185,0.9766,1.6159,188.8,197.6,223.046,1325.829956,2781.070068,45.170807,Normal,16.3059,1.8
2011-04,13516.405,96.1187,139586.0,9.1,131602.0,17957.0,24934.0,554.0,581.0,98.303,582713.0,455693.0,199255.0,895105.0,1501303.0,1.25,1900.8,8977.9,1528.0,1214.8166,3520.9878,807608.64,0.1,0.06,0.12,0.25,2.17,3.46,5.16,-0.04,0.15,5.06,0.8972,0.958,1.6379,190.5,200.2,224.093,1363.609985,2873.540039,44.387653,Normal,16.2586,1.78
2011-05,13505.003,96.3377,139624.0,9.0,131703.0,18007.0,24947.0,561.0,618.0,98.229,589562.0,458015.0,196343.0,903354.0,1518916.0,1.27,1938.0,9029.2,1589.8,1228.8917,3507.9722,807095.41,0.09,0.04,0.09,0.19,1.84,3.17,4.96,-0.05,0.1,4.87,0.874,0.968,1.6332,191.5,202.0,224.806,1345.199951,2835.300049,41.559589,Normal,16.0391,1.8
2011-06,13572.943,96.6154,139384.0,9.1,131939.0,18045.0,25007.0,608.0,636.0,98.476,591310.0,454056.0,198567.0,904877.0,1526831.0,1.27,1956.0,9113.4,1665.8,1233.5989,3501.1328,807581.84,0.09,0.04,0.1,0.18,1.58,3.0,4.99,-0.05,0.09,4.9,0.8401,0.9766,1.6219,190.8,202.2,224.806,1320.640015,2773.52002,39.611645,Normal,15.7463,1.89
2011-07,13620.414,97.1292,139524.0,9.0,131999.0,18094.0,25059.0,623.0,621.0,98.671,595104.0,462394.0,199660.0,910932.0,1532335.0,1.26,2001.6,9301.4,1696.6,1244.2529,3497.9526,807543.51,0.07,0.04,0.08,0.19,1.54,3.0,4.93,-0.03,0.12,4.86,0.8214,0.9553,1.6158,191.6,203.1,225.395,1292.280029,2756.3798829999996,41.60577,Normal,14.8572,1.86
2011-08,13605.561,97.6731,139942.0,9.0,132125.0,18120.0,25070.0,585.0,647.0,98.646,597097.0,466422.0,197009.0,921052.0,1541003.0,1.26,2113.4,9515.1,1666.6,1263.315,3492.911,808640.94,0.1,0.02,0.06,0.11,1.02,2.3,4.37,-0.08,0.01,4.27,0.78,0.9817,1.6356,191.1,201.6,226.106,1218.890015,2579.459961,44.387081,Normal,14.0135,2.1
2011-09,13582.785,97.6494,140183.0,9.0,132358.0,18167.0,25105.0,650.0,610.0,98.846,595219.0,460567.0,198609.0,925600.0,1535963.0,1.26,2127.7,9539.7,1643.5,1269.7038,3490.0677,809532.78,0.08,0.01,0.04,0.1,0.9,1.98,4.09,-0.07,0.02,4.01,0.8767,1.0025,1.5771,192.8,202.6,226.597,1131.420044,2415.399902,40.897293,Normal,13.0078,2.15
2011-10,13599.436,98.3222,140368.0,8.8,132562.0,18188.0,25133.0,610.0,671.0,98.978,602459.0,461165.0,200067.0,928033.0,1548208.0,1.26,2139.5,9571.3,1638.9,1280.1123,3499.0028,808631.2,0.07,0.02,0.05,0.11,1.06,2.15,3.98,-0.05,0.04,3.91,0.8958,1.0198,1.5768,192.4,200.7,226.75,1253.300049,2684.409912,43.395859,Normal,14.414000000000001,2.12
2011-11,13591.318,98.2433,140826.0,8.6,132694.0,18187.0,25151.0,711.0,706.0,98.833,605912.0,472534.0,202823.0,938781.0,1556818.0,1.27,2166.8,9612.3,1592.4,1292.9266,3503.8882,811994.07,0.08,0.01,0.05,0.11,0.91,2.01,3.87,-0.07,0.03,3.79,0.9079,1.0248,1.5806,192.9,200.9,227.169,1246.959961,2620.340088,46.359047,Normal,14.3411,2.12
2011-12,13714.357,98.7876,140902.0,8.5,132896.0,18244.0,25162.0,694.0,697.0,98.893,606940.0,479830.0,200583.0,953635.0,1565507.0,1.26,2164.2,9651.1,1598.7,1303.8463,3494.9592,816723.75,0.07,0.01,0.05,0.12,0.89,1.98,3.93,-0.06,0.05,3.86,0.9334,1.0235,1.5587,192.7,200.2,227.223,1257.599976,2605.149902,39.795372,Normal,14.4635,2.13
2012-01,13776.131,99.3925,141584.0,8.3,133250.0,18304.0,25267.0,723.0,712.0,99.363,609401.0,479783.0,201551.0,964844.0,1571781.0,1.25,2201.9,9730.3,1619.2,1321.4527,3510.9659,814355.55,0.08,0.03,0.07,0.12,0.84,1.97,3.85,-0.05,0.04,3.77,0.9376,1.013,1.5524,193.4,200.4,227.842,1312.410034,2813.840088,43.321999,Normal,14.8228,2.06
2012-02,13861.174,99.6203,141858.0,8.3,133512.0,18334.0,25283.0,704.0,738.0,99.96,611272.0,486123.0,206206.0,978397.0,1584583.0,1.25,2209.9,9773.1,1659.9,1344.4581,3539.3528,812714.86,0.1,0.09,0.12,0.16,0.83,1.97,3.85,-0.01,0.06,3.75,0.9118,0.9967,1.5804,193.9,201.1,228.329,1365.680054,2966.889893,41.976437,Normal,15.4244,2.0
2012-03,13911.509,99.1551,142036.0,8.2,133752.0,18372.0,25326.0,695.0,806.0,99.763,613101.0,477898.0,203762.0,983438.0,1592191.0,1.26,2228.8,9817.8,1606.3,1350.9722,3544.0485,813331.1,0.13,0.08,0.14,0.19,1.02,2.17,3.99,-0.05,0.06,3.86,0.9131,0.9938,1.5824,194.1,203.4,228.807,1408.469971,3091.570068,38.356491,Normal,15.9077,1.97
2012-04,13963.525,99.9006,141899.0,8.2,133834.0,18384.0,25339.0,753.0,732.0,99.883,612567.0,474491.0,203114.0,987250.0,1598149.0,1.26,2248.1,9872.1,1586.7,1368.4648,3540.4983,816540.55,0.14,0.08,0.14,0.18,0.89,2.05,3.96,-0.06,0.04,3.82,0.9133,0.9928,1.6,194.0,202.3,229.187,1397.910034,3046.360107,35.665901,Normal,15.8998,2.0
2012-05,13975.696,100.0924,142206.0,8.2,133934.0,18386.0,25378.0,708.0,796.0,99.899,612824.0,471178.0,202392.0,987756.0,1605487.0,1.27,2256.6,9903.8,1558.5,1378.8849,3538.9519,811811.47,0.16,0.09,0.15,0.19,0.76,1.8,3.8,-0.07,0.03,3.64,0.9383,1.0097,1.5924,192.9,200.5,228.713,1310.329956,2827.340088,34.457321,Normal,14.9037,2.09
2012-06,13995.038,100.0728,142391.0,8.2,134007.0,18411.0,25368.0,757.0,794.0,99.749,612515.0,464179.0,195689.0,990665.0,1610591.0,1.29,2277.0,9973.6,1555.4,1397.9538,3528.5229,814053.31,0.16,0.09,0.15,0.19,0.71,1.62,3.64,-0.07,0.03,3.48,0.9576,1.028,1.5556,192.1,198.5,228.524,1362.160034,2935.050049,33.309447999999996,Normal,15.4932,2.14
2012-07,13909.126,100.3354,142292.0,8.2,134159.0,18447.0,25379.0,740.0,849.0,99.994,614783.0,475714.0,198712.0,1003167.0,1622441.0,1.3,2318.1,10046.8,1583.8,1413.6636,3525.7918,814532.25,0.16,0.1,0.15,0.19,0.62,1.53,3.4,-0.06,0.03,3.24,0.9783,1.0142,1.5593,192.4,197.7,228.59,1379.319946,2939.52002,29.151308,Normal,15.9459,2.11
2012-08,13867.317,99.856,142291.0,8.1,134331.0,18459.0,25404.0,754.0,840.0,99.906,617758.0,457006.0,203770.0,992400.0,1630826.0,1.29,2348.8,10117.9,1582.2,1425.8349,3527.0965,820300.25,0.13,0.1,0.14,0.18,0.71,1.68,3.48,-0.03,0.05,3.35,0.9681,0.9924,1.5722,194.7,199.7,229.918,1406.579956,3066.959961,34.151711,Normal,16.261,2.08
2012-09,13943.929,99.9049,143044.0,7.8,134518.0,18461.0,25441.0,847.0,930.0,100.119,621992.0,475205.0,205631.0,995205.0,1641300.0,1.29,2390.0,10200.2,1517.5,1434.3628,3531.161,822652.92,0.14,0.11,0.14,0.18,0.67,1.72,3.49,-0.03,0.04,3.35,0.9386,0.9783,1.6126,196.5,201.7,231.015,1440.670044,3116.22998,37.221592,Normal,16.6551,2.05
2012-10,14046.984,100.1167,143431.0,7.8,134677.0,18472.0,25477.0,915.0,887.0,100.173,622548.0,478828.0,206422.0,1001567.0,1643372.0,1.29,2422.0,10261.3,1525.6,1449.2801,3527.4344,825504.76,0.16,0.1,0.15,0.18,0.71,1.75,3.47,-0.06,0.02,3.31,0.9323,0.9872,1.608,196.7,202.1,231.638,1412.160034,2977.22998,36.09853,Normal,16.3237,2.1
2012-11,14249.192,100.5991,143333.0,7.7,134833.0,18477.0,25545.0,833.0,917.0,100.574,623346.0,477173.0,205607.0,1001830.0,1650501.0,1.28,2423.5,10319.9,1546.1,1457.3165,3554.5599,829274.68,0.16,0.09,0.14,0.18,0.67,1.65,3.5,-0.07,0.02,3.34,0.9388,0.997,1.5968,195.7,200.6,231.249,1416.180054,3010.23999,30.777353,Normal,16.3701,2.2
2012-12,14614.152,100.9542,143330.0,7.9,135072.0,18532.0,25556.0,976.0,941.0,100.617,625266.0,487590.0,204154.0,1014225.0,1654631.0,1.29,2461.2,10445.7,1570.4,1474.4746,3550.723,832667.94,0.16,0.07,0.12,0.16,0.7,1.72,3.65,-0.09,0.0,3.49,0.9213,0.9898,1.6145,195.3,200.7,231.221,1426.189941,3019.51001,31.386919,Normal,16.4858,2.2
2013-01,13894.743,100.8204,143292.0,8.0,135263.0,18580.0,25593.0,888.0,940.0,100.993,627311.0,479234.0,206899.0,1015335.0,1668822.0,1.29,2473.4,10471.2,1636.9,1485.1707,3560.0889,831337.87,0.14,0.07,0.11,0.15,0.81,1.91,3.8,-0.07,0.01,3.66,0.9234,0.9921,1.5965,196.4,201.6,231.679,1498.109985,3142.1298829999996,28.616691999999997,Normal,17.0822,2.13
2013-02,13835.102,101.3995,143362.0,7.7,135541.0,18638.0,25610.0,962.0,980.0,100.956,627748.0,495483.0,213514.0,1024713.0,1669860.0,1.27,2472.1,10468.2,1733.4,1491.5111,3553.6088,828162.85,0.15,0.1,0.12,0.16,0.85,1.98,3.9,-0.05,0.01,3.75,0.9212,1.0098,1.5474,197.6,203.6,232.937,1514.680054,3160.189941,27.110556,Normal,17.2712,2.1
2013-03,13865.456,101.8114,143316.0,7.5,135680.0,18660.0,25602.0,1010.0,936.0,100.977,627925.0,467285.0,205557.0,1015562.0,1668361.0,1.29,2480.2,10539.7,1811.3,1499.781,3548.9331,830011.88,0.14,0.09,0.11,0.15,0.82,1.96,3.93,-0.05,0.01,3.79,0.9466,1.0244,1.508,196.5,201.6,232.282,1569.189941,3267.52002,26.528696000000004,Normal,17.8927,2.07
2013-04,13930.178,101.6364,143635.0,7.6,135871.0,18653.0,25637.0,835.0,1012.0,100.857,627223.0,475857.0,202827.0,1017992.0,1671399.0,1.3,2515.1,10575.1,1884.7,1507.2522,3552.7305,831262.52,0.15,0.06,0.09,0.12,0.71,1.76,3.73,-0.09,-0.03,3.58,0.9366,1.0187,1.5311,195.3,200.5,231.797,1597.569946,3328.790039,17.785048,Normal,17.5654,2.07
2013-05,14009.753,101.7476,143882.0,7.5,136093.0,18691.0,25673.0,930.0,1003.0,101.145,624675.0,487018.0,204661.0,1025916.0,1669175.0,1.29,2530.2,10611.3,1982.0,1510.2996,3545.3064,836761.3,0.11,0.04,0.08,0.12,0.84,1.93,3.89,-0.07,0.01,3.78,0.9557,1.0196,1.5297,196.1,200.2,231.893,1630.73999,3455.9099119999996,19.057344,Normal,17.9301,2.01
2013-06,14021.223,101.9549,143999.0,7.5,136274.0,18724.0,25731.0,839.0,942.0,101.142,624043.0,497123.0,203805.0,1046529.0,1669734.0,1.29,2531.3,10665.9,2062.9,1521.7606,3544.163,840678.05,0.09,0.05,0.09,0.14,1.2,2.3,4.27,-0.04,0.05,4.18,0.9331,1.0314,1.5493,196.2,200.1,232.445,1606.280029,3403.25,14.352670000000002,Normal,17.6611,2.06
2013-07,13991.979,101.5204,144264.0,7.3,136386.0,18705.0,25768.0,880.0,997.0,101.268,625661.0,477559.0,208054.0,1046992.0,1674898.0,1.29,2545.6,10721.9,2147.7,1531.7845,3538.0065,844205.43,0.09,0.04,0.07,0.12,1.4,2.58,4.34,-0.05,0.03,4.25,0.9449,1.0402,1.5179,196.0,200.2,232.9,1685.72998,3626.3701170000004,15.474260999999998,Normal,17.863,2.02
2013-08,14017.134,102.1907,144326.0,7.2,136628.0,18756.0,25829.0,917.0,964.0,101.407,627639.0,481257.0,209548.0,1046677.0,1683094.0,1.29,2552.2,10780.4,2252.6,1533.3853,3528.1001,847486.01,0.08,0.04,0.07,0.13,1.52,2.74,4.54,-0.04,0.05,4.46,0.9261,1.0407,1.5505,197.0,200.5,233.456,1632.969971,3589.8701170000004,17.462108999999998,Normal,17.3039,2.04
2013-09,14069.86,102.717,144418.0,7.2,136815.0,18810.0,25902.0,850.0,1004.0,101.702,628564.0,490689.0,208984.0,1056294.0,1690590.0,1.29,2584.5,10832.6,2333.9,1539.9196,3527.4745,851375.47,0.08,0.02,0.04,0.12,1.6,2.81,4.64,-0.06,0.04,4.56,0.9231,1.0342,1.5885,196.5,200.4,233.544,1681.550049,3771.4799799999996,17.021984,Normal,17.8187,2.04
2013-10,14039.392,102.5371,143537.0,7.2,137040.0,18857.0,25930.0,925.0,1044.0,102.009,628633.0,485809.0,210183.0,1058913.0,1701718.0,1.3,2622.6,10945.2,2427.8,1549.2329,3524.4013,854095.93,0.09,0.05,0.08,0.12,1.37,2.62,4.53,-0.04,0.03,4.44,0.9025,1.0363,1.6098,196.9,200.2,233.669,1756.540039,3919.709961,17.725906,Normal,17.5303,2.01
2013-11,14091.431,102.8379,144479.0,6.9,137304.0,18911.0,25976.0,1100.0,1029.0,102.461,627686.0,498276.0,212730.0,1066519.0,1711601.0,1.29,2625.0,10953.0,2517.1,1558.5813,3529.2267,851493.51,0.08,0.07,0.1,0.12,1.37,2.72,4.63,-0.01,0.04,4.55,0.9129,1.0486,1.61,197.5,200.1,234.1,1805.810059,4059.889893,15.074788,Normal,18.0221,1.95
2013-12,14142.583,103.1504,144778.0,6.7,137373.0,18881.0,26067.0,1002.0,1005.0,102.53,629795.0,493206.0,211284.0,1075752.0,1718588.0,1.3,2664.5,11015.0,2541.0,1574.2983,3531.8439,855549.91,0.09,0.07,0.1,0.13,1.58,2.9,4.62,-0.02,0.04,4.53,0.8933,1.0639,1.6383,198.3,201.0,234.719,1848.359985,4176.589844,16.216291000000002,Normal,18.4467,1.94
2014-01,14216.885,102.7216,145150.0,6.6,137548.0,18937.0,26076.0,888.0,976.0,102.213,632051.0,483424.0,210233.0,1076998.0,1726289.0,1.32,2696.3,11065.6,2556.4,1586.8185,3535.4583,853492.96,0.07,0.04,0.07,0.12,1.65,2.86,4.49,-0.03,0.05,4.42,0.9038,1.094,1.647,199.8,202.5,235.288,1782.589966,4103.879883,17.733984,Normal,17.6757,1.94
2014-02,14307.777,103.5917,145134.0,6.7,137714.0,18988.0,26058.0,944.0,1039.0,102.789,637697.0,494756.0,214328.0,1081998.0,1735036.0,1.31,2725.8,11148.7,2650.1,1619.8729,3545.4635,849062.87,0.07,0.05,0.08,0.12,1.52,2.71,4.45,-0.02,0.05,4.38,0.8937,1.1054,1.6558,200.2,203.2,235.547,1859.449951,4308.120117,18.745775,Normal,18.4378,1.97
2014-03,14381.676,104.5889,145648.0,6.7,137968.0,19037.0,26086.0,970.0,1067.0,103.208,638808.0,492940.0,211887.0,1086743.0,1741195.0,1.3,2754.7,11190.3,2676.7,1634.0947,3561.1184,851145.74,0.08,0.05,0.08,0.13,1.64,2.72,4.38,-0.03,0.05,4.3,0.8805,1.1107,1.6624,200.8,203.5,236.028,1872.339966,4198.990234000001,16.439239999999998,Normal,18.5656,1.94
2014-04,14424.352,104.6371,145667.0,6.2,138293.0,19104.0,26168.0,1043.0,1090.0,103.572,640182.0,499621.0,213597.0,1097126.0,1749016.0,1.3,2778.4,11246.5,2714.9,1650.967,3573.7584,853562.96,0.09,0.03,0.05,0.11,1.7,2.71,4.24,-0.06,0.02,4.15,0.8828,1.0992,1.6748,201.7,203.9,236.468,1883.949951,4114.560059,16.107321,Normal,18.2695,1.96
2014-05,14472.043,105.0152,145825.0,6.3,138511.0,19142.0,26223.0,1007.0,1018.0,103.789,644880.0,491150.0,212042.0,1099438.0,1756467.0,1.3,2794.7,11314.8,2688.4,1663.6223,3581.7453,856067.61,0.09,0.03,0.05,0.1,1.59,2.56,4.16,-0.06,0.01,4.07,0.8883,1.0894,1.6842,201.0,203.1,236.918,1923.569946,4242.620117,14.853407,Normal,18.6537,1.96
2014-06,14539.284,105.4081,146247.0,6.1,138837.0,19195.0,26283.0,911.0,1010.0,104.223,644486.0,499787.0,213056.0,1108069.0,1758713.0,1.3,2829.5,11367.1,2722.3,1676.8656,3597.6966,858480.37,0.1,0.04,0.06,0.1,1.68,2.6,4.25,-0.06,0.0,4.15,0.8958,1.083,1.6908,201.5,202.8,237.231,1960.22998,4408.180176,16.925674,Normal,19.0092,1.92
2014-07,14592.781,105.6157,146399.0,6.2,139069.0,19264.0,26337.0,1085.0,1076.0,104.47,644929.0,551446.0,211977.0,1165758.0,1766142.0,1.3,2842.0,11428.4,2759.0,1694.8651,3605.4132,862565.82,0.09,0.03,0.06,0.11,1.7,2.54,4.16,-0.06,0.02,4.07,0.8978,1.0739,1.7066,201.5,203.0,237.498,1930.6700440000002,4369.77002,16.722198000000002,Normal,18.2207,1.91
2014-08,14670.54,105.4986,146530.0,6.1,139257.0,19316.0,26363.0,984.0,1047.0,105.202,645945.0,497044.0,210406.0,1169708.0,1769744.0,1.31,2803.5,11457.6,2842.0,1712.1861,3616.5268,866980.79,0.09,0.03,0.05,0.11,1.63,2.42,4.08,-0.06,0.02,3.99,0.9098,1.0926,1.67,201.4,203.1,237.46,2003.369995,4580.27002,17.008915,Normal,18.9069,1.94
2014-09,14722.813,105.8138,146778.0,5.9,139566.0,19371.0,26415.0,1023.0,1077.0,105.264,646656.0,492057.0,208538.0,1171856.0,1771127.0,1.31,2862.4,11492.0,2814.5,1725.586,3620.1014,870335.63,0.09,0.02,0.04,0.11,1.77,2.53,4.11,-0.07,0.02,4.02,0.937,1.1011,1.629,200.8,202.6,237.477,1972.290039,4493.390136999999,13.59629,Normal,18.6135,1.93
2014-10,14790.364,105.8357,147427.0,5.7,139818.0,19419.0,26489.0,1074.0,1094.0,105.907,644682.0,483742.0,205548.0,1170546.0,1776455.0,1.32,2868.2,11551.4,2760.3,1729.9288,3621.2224,870468.33,0.09,0.02,0.05,0.1,1.55,2.3,3.92,-0.07,0.01,3.83,0.9528,1.1212,1.6074,200.2,200.6,237.43,2018.050049,4630.740234000001,11.008727,Normal,19.7249,2.0
2014-11,14866.655,106.6634,147404.0,5.8,140109.0,19456.0,26548.0,1001.0,1059.0,106.272,645856.0,475904.0,202152.0,1168321.0,1780460.0,1.33,2886.0,11590.6,2575.1,1751.3868,3627.0789,872743.74,0.09,0.02,0.07,0.13,1.62,2.33,3.92,-0.07,0.04,3.83,0.9642,1.1325,1.5771,199.5,199.0,236.983,2067.560059,4791.629883,11.027279,Normal,20.2088,1.91
2014-12,14958.757,106.5085,147615.0,5.6,140377.0,19481.0,26593.0,1073.0,1070.0,106.578,640456.0,464165.0,194465.0,1160052.0,1779034.0,1.35,2940.3,11668.0,2665.9,1773.2904,3638.9694,882566.01,0.12,0.03,0.11,0.21,1.64,2.21,3.79,-0.09,0.09,3.67,0.9753,1.1532,1.5644,196.8,195.5,236.252,2058.899902,4736.049805,10.048726,Normal,20.1241,1.92
2015-01,15111.832,105.9806,148145.0,5.7,140568.0,19500.0,26613.0,1085.0,1048.0,106.907,640102.0,456949.0,184974.0,1159657.0,1778265.0,1.38,2940.5,11732.1,2745.6,1791.5376,3653.7751,871082.09,0.11,0.03,0.08,0.2,1.37,1.88,3.46,-0.08,0.09,3.35,0.9443,1.2122,1.5142,193.3,190.7,234.747,1994.9899899999998,4635.240234000001,11.946299,Normal,20.1007,1.97
2015-02,15169.76,105.4425,148045.0,5.5,140839.0,19537.0,26657.0,886.0,1127.0,107.195,640261.0,453441.0,188915.0,1154063.0,1783752.0,1.39,3006.3,11852.5,2556.1,1807.8757,3676.1436,869000.82,0.11,0.02,0.07,0.22,1.47,1.98,3.61,-0.09,0.11,3.5,0.9361,1.2499,1.5329,193.5,190.0,235.342,2104.5,4963.529785,12.170645,Normal,21.204,1.94
2015-03,15139.301,105.1464,148128.0,5.4,140910.0,19505.0,26684.0,960.0,1078.0,107.47,640411.0,460430.0,191588.0,1151089.0,1786024.0,1.38,2999.6,11869.4,2732.9,1834.3835,3710.3843,870785.23,0.11,0.03,0.11,0.25,1.52,2.04,3.64,-0.08,0.14,3.53,0.9798,1.2618,1.4958,194.2,189.8,235.976,2067.889893,4900.879883,10.285907,Normal,20.8352,1.96
2015-04,15181.38,104.5272,148511.0,5.4,141194.0,19553.0,26707.0,1190.0,1161.0,107.768,641151.0,459658.0,191178.0,1148735.0,1793350.0,1.38,3000.9,11916.6,2756.7,1847.6846,3719.7665,873519.01,0.12,0.02,0.09,0.23,1.35,1.94,3.52,-0.1,0.11,3.4,0.9595,1.2337,1.4968,192.9,188.4,236.222,2085.51001,4941.419922,12.219209,Normal,21.9736,1.96
2015-05,15213.422,104.0742,148817.0,5.6,141525.0,19580.0,26767.0,1079.0,1275.0,108.108,641913.0,450494.0,191362.0,1140056.0,1795392.0,1.38,2986.4,11949.3,2641.7,1863.5774,3729.8792,876977.02,0.12,0.02,0.08,0.24,1.54,2.2,3.98,-0.1,0.12,3.86,0.9316,1.2176,1.5456,195.1,189.6,237.001,2107.389893,5070.029785,11.130552,Normal,22.2041,1.96
2015-06,15224.545,103.7174,148816.0,5.3,141699.0,19591.0,26814.0,1205.0,1378.0,108.258,645027.0,464870.0,193682.0,1141807.0,1805306.0,1.38,3020.4,11994.6,2611.1,1880.4996,3748.1315,881240.08,0.13,0.02,0.09,0.28,1.68,2.36,4.19,-0.11,0.15,4.06,0.9321,1.2365,1.5576,196.2,190.3,237.657,2063.110107,4986.870117,10.047258,Normal,21.7375,1.99
2015-07,15259.508,104.3243,148830.0,5.2,142001.0,19626.0,26859.0,1146.0,1139.0,108.694,643805.0,461312.0,191780.0,1141833.0,1808054.0,1.38,3040.5,12046.6,2649.3,1889.8374,3762.2496,885069.75,0.13,0.03,0.12,0.3,1.63,2.32,4.15,-0.1,0.17,4.02,0.9547,1.2863,1.556,196.0,189.9,238.034,2103.840088,5128.279785,6.654189,Normal,23.2058,2.01
2015-08,15296.108,104.1621,149181.0,5.1,142126.0,19629.0,26870.0,1130.0,1165.0,108.992,641937.0,453898.0,187754.0,1139211.0,1807800.0,1.39,3029.5,12097.6,2666.1,1904.1776,3778.3974,887603.38,0.14,0.07,0.22,0.38,1.54,2.17,4.04,-0.07,0.24,3.9,0.9685,1.3147,1.5578,195.3,188.6,238.033,1972.180054,4812.709961,6.550511,Normal,21.7536,2.07
2015-09,15338.77,103.7768,148826.0,5.0,142281.0,19641.0,26874.0,1224.0,1143.0,109.144,638638.0,445573.0,186545.0,1131016.0,1812196.0,1.4,3045.0,12153.1,2701.3,1915.1427,3795.3264,896125.29,0.14,0.02,0.18,0.37,1.49,2.17,4.07,-0.12,0.23,3.93,0.9725,1.3266,1.5338,192.9,186.0,237.498,1920.030029,4620.160156,6.012785,Normal,21.1784,2.19
2015-10,15375.124,103.3976,149246.0,5.0,142587.0,19680.0,26908.0,1058.0,1158.0,109.227,638557.0,449413.0,184836.0,1130136.0,1814458.0,1.41,3017.7,12185.0,2725.9,1928.5136,3812.8758,896866.51,0.12,0.02,0.11,0.26,1.39,2.07,3.95,-0.1,0.14,3.83,0.9687,1.3072,1.5343,192.4,185.2,237.733,2079.360107,5053.75,7.270175999999999,Normal,24.0305,2.11
2015-11,15370.641,102.6866,149463.0,5.1,142824.0,19711.0,26945.0,1172.0,1245.0,109.477,637048.0,446447.0,184115.0,1128204.0,1810184.0,1.41,3081.4,12274.2,2660.3,1945.856,3847.6332,895145.34,0.12,0.12,0.32,0.48,1.67,2.26,4.06,0.0,0.36,3.94,1.0098,1.3279,1.5194,192.6,184.4,238.017,2080.409912,5108.669922,6.939284,Normal,24.0426,2.07
2015-12,15434.451,102.1014,150128.0,5.0,143097.0,19738.0,26978.0,1146.0,1209.0,109.876,635557.0,438215.0,179440.0,1128338.0,1809516.0,1.43,3093.8,12330.1,2481.2,1952.7952,3871.6345,737406.52,0.24,0.23,0.49,0.65,1.7,2.24,3.97,-0.01,0.41,3.73,0.9951,1.3713,1.4981,191.3,182.3,237.761,2043.939941,5007.410156,7.01507,Normal,23.6212,2.11
2016-01,15445.504,102.9525,150621.0,4.9,143170.0,19730.0,26976.0,1103.0,1167.0,109.98,631502.0,437125.0,176637.0,1128485.0,1806105.0,1.43,3097.8,12458.0,2440.0,1963.5561,3891.0467,736107.18,0.34,0.26,0.43,0.54,1.52,2.09,4.0,-0.08,0.2,3.66,1.0082,1.4208,1.4392,190.7,180.4,237.827,1940.2399899999998,4613.950195,9.419966,Normal,22.4461,2.27
2016-02,15456.608,102.2225,150908.0,4.9,143433.0,19728.0,27036.0,1203.0,1186.0,110.696,628237.0,428269.0,176532.0,1120583.0,1800697.0,1.43,3128.9,12534.3,2510.9,1986.7369,3917.2531,731626.57,0.38,0.31,0.44,0.53,1.22,1.78,3.96,-0.07,0.15,3.58,0.992,1.3797,1.429,189.4,178.9,237.514,1932.22998,4557.950195,13.203159,Normal,22.3534,2.3
2016-03,15468.411,101.4155,151157.0,5.0,143662.0,19716.0,27093.0,1114.0,1119.0,110.431,628251.0,430725.0,178254.0,1114166.0,1809911.0,1.43,3152.3,12597.9,2519.7,2018.5753,3942.8149,732221.29,0.36,0.29,0.46,0.66,1.38,1.89,3.82,-0.07,0.3,3.46,0.9811,1.3226,1.4249,189.8,179.3,237.99,2059.73999,4869.850098,12.927669999999999,Normal,23.8286,2.17
2016-04,15454.043,101.5167,151006.0,5.0,143849.0,19728.0,27118.0,1158.0,1155.0,110.761,627801.0,441948.0,178929.0,1116985.0,1814007.0,1.43,3200.8,12687.2,2487.0,2033.3585,3959.3301,732085.45,0.37,0.23,0.37,0.56,1.26,1.81,3.62,-0.14,0.19,3.25,0.9634,1.2818,1.4319,190.2,179.9,238.835,2065.300049,4775.359863000001,18.439543,Normal,23.7609,2.12
2016-05,15450.73,101.4298,151119.0,4.8,143891.0,19689.0,27132.0,1131.0,1198.0,110.991,627862.0,437634.0,179537.0,1115612.0,1816816.0,1.43,3239.0,12756.0,2443.8,2048.5981,3986.4442,732610.29,0.37,0.27,0.41,0.59,1.3,1.81,3.65,-0.1,0.22,3.28,0.9777,1.2945,1.4524,191.1,181.2,239.44,2096.949951,4948.049805,15.964438000000001,Normal,24.1252,2.14
2016-06,15463.252,101.8747,151187.0,4.9,144158.0,19709.0,27164.0,1200.0,1204.0,111.473,626768.0,429928.0,184188.0,1102012.0,1818468.0,1.41,3247.1,12823.6,2427.5,2051.9313,4006.9851,732442.74,0.38,0.27,0.4,0.55,1.17,1.64,3.5,-0.11,0.17,3.12,0.9695,1.2894,1.4197,192.5,182.6,240.144,2098.860107,4842.669922,20.371765,Normal,24.147,2.13
2016-07,15516.252,102.1325,151465.0,4.8,144512.0,19757.0,27205.0,1245.0,1193.0,111.557,627059.0,434914.0,181207.0,1096671.0,1817052.0,1.42,3248.7,12882.3,2371.2,2058.9819,4031.5044,732272.62,0.39,0.3,0.39,0.51,1.07,1.5,3.28,-0.09,0.12,2.89,0.983,1.3052,1.3134,192.4,183.0,240.111,2173.600098,5162.129883,20.858397,Normal,24.3978,2.08
2016-08,15525.63,102.0407,151770.0,4.9,144647.0,19732.0,27254.0,1155.0,1203.0,111.73,628039.0,438832.0,181998.0,1094531.0,1818285.0,1.41,3317.6,12969.7,2413.5,2052.8187,4055.7162,737906.29,0.4,0.3,0.44,0.57,1.13,1.56,3.32,-0.1,0.17,2.92,0.9711,1.2998,1.3101,191.8,183.0,240.595,2170.949951,5213.220215,16.230618,Normal,24.3681,2.07
2016-09,15571.45,102.0477,151850.0,5.0,144916.0,19762.0,27269.0,1072.0,1282.0,112.082,625869.0,438451.0,183343.0,1089182.0,1821320.0,1.41,3326.8,13030.8,2325.1,2070.0432,4075.3397,740902.74,0.4,0.29,0.46,0.59,1.18,1.63,3.41,-0.11,0.19,3.01,0.9732,1.3108,1.314,192.8,183.7,241.068,2168.27002,5312.0,16.926666,Normal,24.338,2.09
2016-10,15601.188,102.2485,151907.0,4.9,145061.0,19789.0,27288.0,1321.0,1271.0,112.094,626337.0,452703.0,184665.0,1097425.0,1820047.0,1.4,3334.1,13099.4,2156.1,2083.3239,4097.987,739188.6,0.4,0.33,0.47,0.66,1.27,1.76,3.51,-0.07,0.26,3.11,0.9876,1.3251,1.233,193.7,184.2,241.641,2126.149902,5189.140136999999,16.802492,Normal,22.487,2.11
2016-11,15633.11,102.0507,152063.0,4.7,145212.0,19808.0,27284.0,1150.0,1236.0,112.347,629436.0,439777.0,183685.0,1093796.0,1833779.0,1.41,3352.8,13169.7,2201.7,2088.2117,4109.6277,738291.63,0.41,0.45,0.57,0.74,1.6,2.14,3.86,0.04,0.33,3.45,0.9963,1.3434,1.2432,193.2,184.5,241.993,2198.810059,5323.680176,14.347548000000002,Normal,23.2555,2.1
2016-12,15663.357,102.9281,152216.0,4.7,145442.0,19825.0,27350.0,1267.0,1251.0,112.986,630332.0,450403.0,190982.0,1091433.0,1838756.0,1.39,3339.8,13198.9,2095.3,2082.8611,4115.483,737883.55,0.54,0.51,0.63,0.87,1.96,2.49,4.06,-0.03,0.33,3.52,1.0194,1.3339,1.2483,195.0,185.7,242.712,2238.830078,5444.5,15.285279999999998,Normal,23.6788,2.03
2017-01,15718.924,103.0366,152129.0,4.7,145627.0,19865.0,27357.0,1206.0,1313.0,113.124,632228.0,453342.0,191247.0,1090929.0,1841083.0,1.38,3388.3,13275.4,2158.5,2081.2929,4133.7306,735727.48,0.65,0.51,0.61,0.83,1.92,2.43,3.92,-0.14,0.18,3.27,1.0075,1.3183,1.2367,196.4,187.5,243.717,2278.8701170000004,5614.790039,17.63833,Normal,22.7228,2.02
2017-02,15774.278,102.6479,152368.0,4.6,145815.0,19928.0,27342.0,1282.0,1239.0,113.17,633333.0,449609.0,190943.0,1085054.0,1844600.0,1.38,3402.7,13341.1,2302.9,2081.4207,4142.8067,731024.65,0.66,0.52,0.64,0.82,1.9,2.42,3.95,-0.14,0.16,3.29,1.001,1.3109,1.2495,196.9,188.8,244.028,2363.639893,5825.439941,17.772249,Normal,23.5681,1.98
2017-03,15841.812,103.343,152978.0,4.4,145944.0,19964.0,27339.0,1186.0,1292.0,113.784,633395.0,456752.0,189650.0,1085845.0,1851308.0,1.39,3448.1,13411.4,2387.8,2065.511,4150.5461,731639.29,0.79,0.74,0.87,1.01,2.01,2.48,4.01,-0.05,0.22,3.22,1.0015,1.3387,1.2347,197.1,188.9,243.721,2362.719971,5911.740234000001,18.192139,Normal,23.5589,1.96
2017-04,15860.799,104.2721,153224.0,4.4,146141.0,19985.0,27352.0,1150.0,1255.0,113.743,634927.0,458191.0,189927.0,1090037.0,1847023.0,1.39,3455.6,13476.8,2344.8,2067.8456,4166.1995,727865.34,0.9,0.8,0.93,1.04,1.82,2.3,3.87,-0.1,0.14,2.97,1.0009,1.3437,1.2639,197.8,189.7,244.058,2384.199951,6047.609863000001,16.017511,Normal,22.9206,1.98
2017-05,15955.205,104.4129,153001.0,4.4,146296.0,20007.0,27339.0,1123.0,1209.0,113.783,635193.0,454966.0,190201.0,1088012.0,1852095.0,1.39,3518.7,13530.5,2288.9,2073.0095,4183.0021,730438.04,0.91,0.89,1.02,1.12,1.84,2.3,3.85,-0.02,0.21,2.94,0.9867,1.3606,1.2929,196.3,189.4,243.926,2411.800049,6198.52002,15.845076,Normal,23.1859,1.96
2017-06,15967.401,104.5849,153299.0,4.3,146512.0,20050.0,27366.0,1243.0,1326.0,114.074,634750.0,472781.0,190763.0,1104044.0,1859794.0,1.39,3527.6,13558.2,2269.7,2075.4122,4194.3254,734349.43,1.04,0.98,1.09,1.2,1.77,2.19,3.68,-0.06,0.16,2.64,0.9681,1.3295,1.281,196.6,189.6,244.179,2423.409912,6140.419922,15.297685000000001,Normal,23.2975,1.94
2017-07,16022.118,104.5427,153471.0,4.3,146727.0,20056.0,27368.0,1207.0,1265.0,114.244,638186.0,454091.0,190484.0,1101035.0,1863890.0,1.4,3551.3,13618.2,2296.9,2079.6747,4214.0715,733893.9,1.15,1.07,1.11,1.22,1.87,2.32,3.7,-0.08,0.07,2.55,0.9604,1.269,1.2996,196.5,189.6,244.328,2470.300049,6348.120117,16.259199,Normal,23.0697,1.94
2017-08,16054.909,104.0475,153593.0,4.4,146911.0,20135.0,27385.0,1163.0,1309.0,114.339,641140.0,460402.0,194251.0,1099713.0,1876003.0,1.39,3585.3,13673.8,2407.2,2088.4541,4226.5485,733237.77,1.16,1.01,1.11,1.23,1.78,2.21,3.63,-0.15,0.07,2.47,0.9653,1.2608,1.2952,197.6,190.6,245.304,2471.649902,6428.660156,17.297635999999997,Normal,23.0823,1.95
2017-09,16101.162,104.0502,154371.0,4.2,146929.0,20161.0,27410.0,1174.0,1257.0,114.965,645933.0,475318.0,194965.0,1110807.0,1879141.0,1.38,3574.4,13716.4,2357.9,2104.5552,4232.4042,733390.53,1.15,1.03,1.15,1.28,1.8,2.2,3.63,-0.12,0.13,2.48,0.9625,1.2279,1.334,199.1,192.0,246.445,2519.360107,6495.959961,15.497067000000001,Normal,23.5278,1.93
2017-10,16162.331,105.6287,153779.0,4.1,147196.0,20206.0,27435.0,1256.0,1339.0,115.097,648452.0,471001.0,198225.0,1112193.0,1878791.0,1.36,3603.9,13768.9,2310.9,2109.6897,4255.1407,732811.75,1.15,1.07,1.23,1.4,1.98,2.36,3.6,-0.08,0.25,2.45,0.9821,1.2607,1.3202,199.5,193.1,246.57,2575.26001,6727.669922,13.917504000000001,Normal,23.436999999999998,1.89
2017-11,16197.973,106.193,153813.0,4.2,147421.0,20273.0,27449.0,1300.0,1299.0,115.657,652392.0,480291.0,203301.0,1114319.0,1889980.0,1.35,3628.1,13794.0,2378.3,2104.1388,4271.6128,734662.68,1.16,1.23,1.36,1.56,2.05,2.35,3.57,0.07,0.4,2.41,0.9915,1.2773,1.3217,201.3,194.5,247.333,2584.840088,6873.970215,13.272193,Normal,24.0952,1.88
2017-12,16233.855,106.536,153977.0,4.1,147551.0,20326.0,27465.0,1199.0,1312.0,116.315,656797.0,485285.0,201847.0,1122263.0,1897688.0,1.35,3607.3,13835.7,2309.8,2103.1295,4285.3061,734548.49,1.3,1.32,1.47,1.7,2.18,2.4,3.51,0.02,0.4,2.21,0.987,1.2769,1.3404,201.5,195.1,247.847,2673.610107,6903.390137,13.966335,Normal,24.3321,1.84
2018-01,16290.517,106.2655,154486.0,4.1,147672.0,20371.0,27448.0,1314.0,1365.0,116.155,659329.0,477301.0,204437.0,1118766.0,1908147.0,1.36,3649.5,13858.4,2281.0,2107.1894,4302.5373,731862.64,1.41,1.41,1.59,1.8,2.38,2.58,3.55,0.0,0.39,2.14,0.9604,1.2429,1.3824,202.1,196.5,248.816,2823.810059,7411.47998,13.879468,Normal,24.4613,1.77
2018-02,16320.326,106.6419,155142.0,4.1,148078.0,20494.0,27525.0,1288.0,1332.0,116.083,662840.0,487905.0,205087.0,1124552.0,1919364.0,1.36,3619.7,13892.8,2305.3,2109.6431,4316.0591,728276.35,1.42,1.57,1.75,1.96,2.6,2.86,3.82,0.15,0.54,2.4,0.9355,1.2588,1.3961,202.5,198.1,249.475,2713.830078,7273.009765999999,11.119019,Normal,23.5086,1.84
2018-03,16368.649,107.2519,155191.0,4.0,148254.0,20530.0,27578.0,1335.0,1415.0,116.585,662703.0,492457.0,205346.0,1132593.0,1919761.0,1.36,3661.8,13952.7,2230.9,2123.1627,4324.6427,722915.87,1.51,1.7,1.87,2.06,2.63,2.84,3.87,0.19,0.55,2.36,0.948,1.2933,1.3976,203.0,198.1,249.413,2640.8701170000004,7063.450195,12.046221000000001,Normal,22.8766,1.85
2018-04,16384.43,108.2223,155324.0,4.0,148391.0,20577.0,27574.0,1269.0,1387.0,116.878,665336.0,490725.0,206719.0,1138225.0,1923520.0,1.36,3662.3,13989.2,2151.0,2167.0457,4337.0338,724653.79,1.69,1.76,1.93,2.15,2.7,2.87,3.85,0.07,0.46,2.16,0.9687,1.2732,1.4079,202.4,198.8,249.957,2648.050049,7066.27002,13.033138000000001,Normal,21.6203,1.9
2018-05,16416.788,107.3639,155665.0,3.8,148669.0,20648.0,27602.0,1334.0,1330.0,117.274,666832.0,496950.0,206982.0,1146225.0,1928763.0,1.34,3658.0,14054.9,2086.6,2173.8276,4335.5931,726863.08,1.7,1.86,2.02,2.27,2.82,2.98,4.0,0.16,0.57,2.3,0.9969,1.2866,1.347,203.9,200.9,250.64,2705.27002,7442.120117,12.76222,Normal,22.0874,1.88
2018-06,16468.096,108.1707,155750.0,4.0,148888.0,20698.0,27589.0,1190.0,1317.0,117.397,667862.0,500356.0,210573.0,1152430.0,1930585.0,1.34,3657.6,14120.0,2052.7,2192.9365,4350.0861,724870.16,1.82,1.9,2.06,2.33,2.78,2.91,3.96,0.08,0.51,2.14,0.99,1.3125,1.3294,204.3,202.0,251.176,2718.3701170000004,7510.299805,12.732822,Normal,22.1944,1.85
2018-07,16540.252,108.652,155993.0,3.8,149024.0,20739.0,27598.0,1195.0,1331.0,117.77,673726.0,494393.0,212027.0,1152619.0,1941087.0,1.35,3677.1,14153.0,2014.6,2209.2822,4363.4715,726589.62,1.91,1.96,2.11,2.39,2.78,2.89,3.87,0.05,0.48,1.96,0.9948,1.3133,1.3162,204.6,202.3,251.482,2816.290039,7671.790039,10.851503999999998,Normal,21.599,1.84
2018-08,16590.614,109.5246,155601.0,3.8,149268.0,20791.0,27657.0,1280.0,1258.0,118.128,673650.0,505839.0,212273.0,1160444.0,1952436.0,1.35,3686.4,14197.0,1976.1,2214.8185,4373.0037,728576.85,1.91,2.03,2.19,2.45,2.77,2.89,3.88,0.12,0.54,1.97,0.988,1.3042,1.2878,204.9,202.7,251.905,2901.52002,8109.540039,10.104797999999999,Normal,22.2526,1.82
2018-09,16573.192,109.6749,156032.0,3.7,149348.0,20834.0,27636.0,1246.0,1290.0,117.965,678054.0,511193.0,214531.0,1170856.0,1960714.0,1.35,3704.0,14228.5,1938.0,2226.1705,4393.2283,726601.79,1.95,2.13,2.29,2.56,2.89,3.0,3.98,0.18,0.61,2.03,0.9683,1.3034,1.3066,205.3,203.4,252.261,2913.97998,8046.350098000001,10.775269999999999,Normal,22.3482,1.8
2018-10,16590.067,109.9165,156482.0,3.8,149549.0,20884.0,27633.0,1207.0,1267.0,118.511,680089.0,501321.0,215709.0,1169210.0,1973283.0,1.35,3719.1,14235.4,1895.8,2242.3678,4403.3729,727380.46,2.19,2.25,2.4,2.65,3.0,3.15,4.14,0.06,0.46,1.95,0.994,1.3004,1.3012,206.8,204.7,252.777,2711.73999,7305.899901999999,12.204844,Normal,20.483,1.9
2018-11,16603.959,110.5067,156628.0,3.7,149683.0,20897.0,27691.0,1204.0,1319.0,118.894,679424.0,494892.0,210104.0,1165463.0,1973788.0,1.36,3698.1,14245.4,1840.8,2266.9661,4406.0481,726878.5,2.2,2.33,2.46,2.7,2.95,3.12,4.22,0.13,0.5,2.02,1.0011,1.3205,1.29,205.2,203.1,252.662,2760.169922,7330.540039,12.399343,Normal,20.8488,1.96
2018-12,16761.204,110.5516,156825.0,3.9,149865.0,20948.0,27666.0,1117.0,1334.0,117.831,680658.0,496254.0,207453.0,1165974.0,1990841.0,1.39,3746.4,14351.7,1759.9,2298.7633,4414.8936,728256.33,2.27,2.37,2.48,2.66,2.68,2.83,4.02,0.1,0.39,1.75,0.9919,1.3436,1.2664,203.9,200.5,252.653,2506.850098,6635.279785,13.197954999999999,Normal,18.9353,2.09
2019-01,16811.92,110.1185,156627.0,4.0,150134.0,21023.0,27711.0,1272.0,1316.0,118.699,684722.0,498365.0,208696.0,1167155.0,2007300.0,1.4,3740.4,14434.6,1707.3,2321.2736,4430.5414,727121.07,2.4,2.37,2.45,2.58,2.54,2.71,3.93,-0.03,0.18,1.53,0.9897,1.33,1.2901,202.6,198.8,252.55,2704.100098,7281.740234000001,13.119023,Normal,20.1213,2.08
2019-02,16852.747,109.5631,156866.0,3.8,150135.0,20994.0,27688.0,1137.0,1305.0,118.662,687324.0,493845.0,211935.0,1161288.0,2017149.0,1.4,3759.6,14464.3,1713.7,2328.6361,4442.4282,722277.66,2.4,2.39,2.44,2.55,2.49,2.68,3.79,-0.01,0.15,1.39,1.0014,1.3209,1.3016,203.4,199.2,253.181,2784.48999,7532.529785,12.384201,Normal,20.7195,1.98
2019-03,16866.276,109.6811,156741.0,3.8,150282.0,21011.0,27665.0,1203.0,1327.0,119.504,689832.0,504525.0,213284.0,1165099.0,2016658.0,1.38,3729.8,14511.8,1725.9,2339.574,4453.2858,722283.88,2.41,2.4,2.44,2.49,2.37,2.57,3.77,0.0,0.09,1.37,1.0005,1.3371,1.3167,205.7,200.3,254.095,2834.399902,7729.319823999999,13.432547,Normal,21.0909,1.96
2019-04,16840.839,108.9888,156696.0,3.6,150492.0,21039.0,27671.0,1267.0,1330.0,119.721,690915.0,494829.0,212876.0,1162862.0,2025356.0,1.39,3780.9,14558.7,1623.9,2335.4875,4465.9141,722494.34,2.42,2.38,2.39,2.42,2.33,2.53,3.69,-0.04,0.0,1.27,1.0084,1.3378,1.3029,206.7,200.5,254.943,2945.830078,8095.390137,12.462582000000001,Normal,21.7774,1.9
2019-05,16837.564,109.2264,156844.0,3.6,150577.0,21050.0,27667.0,1268.0,1338.0,120.013,692041.0,490552.0,212457.0,1156256.0,2030786.0,1.4,3792.4,14654.3,1576.3,2338.8191,4487.0227,725600.7,2.39,2.35,2.35,2.34,2.19,2.4,3.67,-0.04,-0.05,1.28,1.0107,1.346,1.2855,206.6,199.5,255.167,2752.060059,7453.149901999999,12.168652,Normal,20.3449,1.95
2019-06,16849.893,109.2774,157148.0,3.7,150759.0,21076.0,27686.0,1235.0,1273.0,120.391,693423.0,489113.0,212409.0,1147136.0,2028955.0,1.39,3832.8,14782.6,1601.3,2346.1829,4500.9311,725007.12,2.38,2.17,2.11,2.0,1.83,2.07,3.42,-0.21,-0.38,1.04,0.988,1.3289,1.2675,205.5,197.5,255.402,2941.76001,8006.240234000001,15.503635999999998,Normal,21.7473,1.94
2019-07,16840.036,109.0852,157346.0,3.7,150953.0,21085.0,27692.0,1212.0,1366.0,120.643,694316.0,496770.0,213973.0,1146938.0,2033707.0,1.39,3858.1,14862.1,1578.6,2357.076,4512.0561,727209.6,2.4,2.1,2.03,1.96,1.83,2.06,3.29,-0.3,-0.44,0.89,0.988,1.3105,1.2461,206.2,197.6,256.087,2980.3798829999996,8175.419922,15.985357999999998,Normal,22.4257,1.88
2019-08,16906.506,109.8543,157895.0,3.7,151160.0,21087.0,27688.0,1377.0,1471.0,120.884,693512.0,497000.0,212646.0,1148225.0,2030685.0,1.39,3853.2,14933.3,1586.8,2373.3587,4525.6058,728239.58,2.13,1.95,1.88,1.77,1.49,1.63,2.98,-0.17,-0.35,0.86,0.9787,1.3273,1.216,205.5,196.6,256.294,2926.459961,7962.879883,19.05266,Normal,22.02,1.96
2019-09,16924.441,109.4725,158298.0,3.5,151368.0,21106.0,27712.0,1274.0,1437.0,121.012,695292.0,494440.0,211873.0,1148432.0,2027087.0,1.4,3903.0,15022.9,1504.8,2370.0226,4540.9998,727949.73,2.04,1.89,1.84,1.8,1.57,1.7,3.03,-0.16,-0.25,0.98,0.9906,1.3241,1.2369,205.2,196.4,256.593,2976.73999,7999.339844,17.071529,Normal,22.3983,1.92
2019-10,16936.103,109.027,158544.0,3.6,151553.0,21086.0,27750.0,1340.0,1503.0,121.236,696003.0,494737.0,211583.0,1149040.0,2029703.0,1.4,3922.8,15149.9,1547.1,2361.103,4558.8681,728133.17,1.83,1.65,1.62,1.61,1.53,1.71,3.01,-0.18,-0.22,1.18,0.993,1.3189,1.2657,206.5,196.9,257.229,3037.560059,8292.360352,17.101082,Normal,21.7699,1.93
2019-11,17008.962,110.0388,158536.0,3.5,151814.0,21131.0,27762.0,1371.0,1510.0,121.345,697814.0,489169.0,212265.0,1143494.0,2026330.0,1.39,3947.4,15251.2,1595.2,2361.6811,4580.9452,727438.15,1.55,1.54,1.55,1.57,1.64,1.81,3.06,-0.01,0.02,1.51,0.9929,1.3237,1.2884,207.3,197.3,257.824,3140.97998,8665.469727,16.549435,Normal,22.5111,1.87
2019-12,16975.579,109.6527,158803.0,3.5,151998.0,21136.0,27809.0,1587.0,1457.0,121.385,700021.0,497703.0,213557.0,1144546.0,2028040.0,1.39,3976.9,15307.1,1698.3,2353.9245,4615.3682,729225.85,1.55,1.54,1.54,1.55,1.68,1.86,3.01,-0.01,0.0,1.46,0.9826,1.3169,1.3109,207.7,197.2,258.444,3230.780029,8972.599609,18.422365,Normal,23.1547,1.83
2020-01,17105.812,109.1845,158714.0,3.6,152212.0,21149.0,27832.0,1617.0,1536.0,121.894,698880.0,495606.0,210684.0,1145310.0,2022853.0,1.38,3975.1,15402.1,1715.2,2348.444,4629.0353,726532.72,1.55,1.52,1.52,1.53,1.56,1.76,2.94,-0.03,-0.02,1.39,0.9698,1.3089,1.3076,207.8,196.9,258.82,3225.52002,9150.94043,18.352999,Normal,27.7273,1.79
2020-02,17219.643,109.2966,158759.0,3.5,152463.0,21205.0,27830.0,1567.0,1438.0,121.765,696428.0,496463.0,209031.0,1149055.0,2013829.0,1.38,4003.1,15446.9,1726.9,2348.3682,4641.1075,721485.11,1.58,1.52,1.47,1.41,1.32,1.5,2.78,-0.06,-0.17,1.2,0.9762,1.3286,1.2953,206.0,195.2,259.05,2954.219971,8567.370117,18.868309,Normal,25.3952,1.97
2020-03,16947.234,104.5221,155772.0,4.4,151090.0,21086.0,27723.0,1269.0,1356.0,113.894,689026.0,441815.0,187396.0,1125179.0,2007046.0,1.45,4256.7,15989.9,2099.4,2567.9365,4663.0077,717529.56,0.65,0.29,0.29,0.33,0.59,0.87,3.02,-0.34,-0.3,2.39,0.9593,1.396,1.2369,202.4,192.2,257.953,2584.590088,7700.100098000001,18.215258,Recession,22.2177,2.25
2020-04,19124.43,91.2658,133403.0,14.7,130303.0,18698.0,24475.0,934.0,1066.0,99.932,685869.0,382304.0,154232.0,1107812.0,1979748.0,1.67,4799.1,17020.1,2953.6,2932.6981,4681.1626,713029.46,0.05,0.14,0.17,0.18,0.39,0.66,2.43,0.09,0.13,2.38,0.9701,1.4048,1.242,196.3,185.3,255.902,2912.429932,8889.549805,25.572948,Recession,25.0359,2.41
2020-05,18296.406,92.0613,137242.0,13.3,133028.0,19374.0,24858.0,1038.0,1216.0,108.449,686935.0,411695.0,161774.0,1107813.0,1933282.0,1.5,5035.3,17868.6,3217.6,3041.164,4676.2421,716175.76,0.05,0.13,0.15,0.16,0.34,0.67,2.5,0.08,0.11,2.45,0.9692,1.3972,1.2302,200.4,185.3,255.768,3044.310059,9489.870117,23.862782,Recession,26.1696,2.1
2020-06,17990.747,97.6032,142182.0,11.1,137809.0,19859.0,25852.0,1265.0,1258.0,114.88,690353.0,438247.0,189822.0,1092630.0,1912335.0,1.37,5215.0,18164.1,3043.6,2933.2051,4675.4843,720036.14,0.08,0.16,0.18,0.18,0.34,0.73,2.44,0.08,0.1,2.36,0.9513,1.3552,1.2523,201.1,187.7,257.214,3100.290039,10058.769531,26.864592,Recession,26.6508,1.95
