DateTime,Dividend Yield
1871-01-31 00:00:10,5.86
1871-02-28 00:00:10,5.78
1871-03-31 00:00:10,5.64
1871-04-30 00:00:10,5.49
1871-05-31 00:00:10,5.35
1871-06-30 00:00:10,5.39
1871-07-31 00:00:10,5.50
1871-08-31 00:00:10,5.43
1871-09-30 00:00:10,5.37
1871-10-31 00:00:10,5.66
1871-11-30 00:00:10,5.60
1871-12-31 00:00:10,5.49
1872-01-31 00:00:10,5.42
1872-02-29 00:00:10,5.47
1872-03-31 00:00:10,5.36
1872-04-30 00:00:10,5.28
1872-05-31 00:00:10,5.34
1872-06-30 00:00:10,5.46
1872-07-31 00:00:10,5.55
1872-08-31 00:00:10,5.69
1872-09-30 00:00:10,5.86
1872-10-31 00:00:10,5.90
1872-11-30 00:00:10,5.99
1872-12-31 00:00:10,5.92
1873-01-31 00:00:10,5.92
1873-02-28 00:00:10,5.92
1873-03-31 00:00:10,6.02
1873-04-30 00:00:10,6.15
1873-05-31 00:00:10,6.19
1873-06-30 00:00:10,6.33
1873-07-31 00:00:10,6.39
1873-08-31 00:00:10,6.44
1873-09-30 00:00:10,7.03
1873-10-31 00:00:10,7.76
1873-11-30 00:00:10,8.11
1873-12-31 00:00:10,7.47
1874-01-31 00:00:10,7.08
1874-02-28 00:00:10,6.88
1874-03-31 00:00:10,6.98
1874-04-30 00:00:10,7.17
1874-05-31 00:00:10,7.37
1874-06-30 00:00:10,7.40
1874-07-31 00:00:10,7.40
1874-08-31 00:00:10,7.38
1874-09-30 00:00:10,7.27
1874-10-31 00:00:10,7.28
1874-11-30 00:00:10,7.22
1874-12-31 00:00:10,7.27
1875-01-31 00:00:10,7.21
1875-02-28 00:00:10,7.17
1875-03-31 00:00:10,7.03
1875-04-30 00:00:10,6.88
1875-05-31 00:00:10,7.10
1875-06-30 00:00:10,7.19
1875-07-31 00:00:10,7.12
1875-08-31 00:00:10,7.03
1875-09-30 00:00:10,7.04
1875-10-31 00:00:10,7.09
1875-11-30 00:00:10,6.92
1875-12-31 00:00:10,6.86
1876-01-31 00:00:10,6.73
1876-02-29 00:00:10,6.64
1876-03-31 00:00:10,6.65
1876-04-30 00:00:10,6.91
1876-05-31 00:00:10,7.18
1876-06-30 00:00:10,7.23
1876-07-31 00:00:10,7.32
1876-08-31 00:00:10,7.63
1876-09-30 00:00:10,8.13
1876-10-31 00:00:10,8.17
1876-11-30 00:00:10,8.33
1876-12-31 00:00:10,8.38
1877-01-31 00:00:10,8.19
1877-02-28 00:00:10,8.43
1877-03-31 00:00:10,8.60
1877-04-30 00:00:10,8.96
1877-05-31 00:00:10,8.65
1877-06-30 00:00:10,8.97
1877-07-31 00:00:10,8.27
1877-08-31 00:00:10,7.43
1877-09-30 00:00:10,6.71
1877-10-31 00:00:10,6.29
1877-11-30 00:00:10,6.11
1877-12-31 00:00:10,5.85
1878-01-31 00:00:10,5.82
1878-02-28 00:00:10,5.92
1878-03-31 00:00:10,5.79
1878-04-30 00:00:10,5.61
1878-05-31 00:00:10,5.56
1878-06-30 00:00:10,5.43
1878-07-31 00:00:10,5.29
1878-08-31 00:00:10,5.31
1878-09-30 00:00:10,5.18
1878-10-31 00:00:10,5.22
1878-11-30 00:00:10,5.21
1878-12-31 00:00:10,5.22
1879-01-31 00:00:10,5.08
1879-02-28 00:00:10,4.94
1879-03-31 00:00:10,5.07
1879-04-30 00:00:10,4.95
1879-05-31 00:00:10,4.78
1879-06-30 00:00:10,4.80
1879-07-31 00:00:10,4.75
1879-08-31 00:00:10,4.75
1879-09-30 00:00:10,4.62
1879-10-31 00:00:10,4.20
1879-11-30 00:00:10,4.02
1879-12-31 00:00:10,4.07
1880-01-31 00:00:10,4.01
1880-02-29 00:00:10,4.04
1880-03-31 00:00:10,4.06
1880-04-30 00:00:10,4.25
1880-05-31 00:00:10,4.72
1880-06-30 00:00:10,4.80
1880-07-31 00:00:10,4.69
1880-08-31 00:00:10,4.62
1880-09-30 00:00:10,4.73
1880-10-31 00:00:10,4.69
1880-11-30 00:00:10,4.55
1880-12-31 00:00:10,4.45
1881-01-31 00:00:10,4.28
1881-02-28 00:00:10,4.38
1881-03-31 00:00:10,4.41
1881-04-30 00:00:10,4.50
1881-05-31 00:00:10,4.38
1881-06-30 00:00:10,4.41
1881-07-31 00:00:10,4.65
1881-08-31 00:00:10,4.84
1881-09-30 00:00:10,4.88
1881-10-31 00:00:10,5.04
1881-11-30 00:00:10,5.09
1881-12-31 00:00:10,5.32
1882-01-31 00:00:10,5.41
1882-02-28 00:00:10,5.53
1882-03-31 00:00:10,5.54
1882-04-30 00:00:10,5.54
1882-05-31 00:00:10,5.60
1882-06-30 00:00:10,5.63
1882-07-31 00:00:10,5.33
1882-08-31 00:00:10,5.18
1882-09-30 00:00:10,5.13
1882-10-31 00:00:10,5.27
1882-11-30 00:00:10,5.51
1882-12-31 00:00:10,5.48
1883-01-31 00:00:10,5.52
1883-02-28 00:00:10,5.66
1883-03-31 00:00:10,5.61
1883-04-30 00:00:10,5.51
1883-05-31 00:00:10,5.62
1883-06-30 00:00:10,5.58
1883-07-31 00:00:10,5.69
1883-08-31 00:00:10,5.97
1883-09-30 00:00:10,5.92
1883-10-31 00:00:10,6.10
1883-11-30 00:00:10,6.03
1883-12-31 00:00:10,6.18
1884-01-31 00:00:10,6.34
1884-02-29 00:00:10,6.14
1884-03-31 00:00:10,6.13
1884-04-30 00:00:10,6.39
1884-05-31 00:00:10,6.92
1884-06-30 00:00:10,7.17
1884-07-31 00:00:10,7.14
1884-08-31 00:00:10,6.68
1884-09-30 00:00:10,6.86
1884-10-31 00:00:10,7.06
1884-11-30 00:00:10,7.17
1884-12-31 00:00:10,7.14
1885-01-31 00:00:10,7.17
1885-02-28 00:00:10,6.83
1885-03-31 00:00:10,6.68
1885-04-30 00:00:10,6.56
1885-05-31 00:00:10,6.50
1885-06-30 00:00:10,6.40
1885-07-31 00:00:10,6.04
1885-08-31 00:00:10,5.59
1885-09-30 00:00:10,5.54
1885-10-31 00:00:10,5.12
1885-11-30 00:00:10,4.69
1885-12-31 00:00:10,4.62
1886-01-31 00:00:10,4.58
1886-02-28 00:00:10,4.47
1886-03-31 00:00:10,4.53
1886-04-30 00:00:10,4.56
1886-05-31 00:00:10,4.62
1886-06-30 00:00:10,4.38
1886-07-31 00:00:10,4.28
1886-08-31 00:00:10,4.22
1886-09-30 00:00:10,4.08
1886-10-31 00:00:10,3.95
1886-11-30 00:00:10,3.83
1886-12-31 00:00:10,3.90
1887-01-31 00:00:10,3.99
1887-02-28 00:00:10,4.06
1887-03-31 00:00:10,4.01
1887-04-30 00:00:10,3.97
1887-05-31 00:00:10,3.94
1887-06-30 00:00:10,4.10
1887-07-31 00:00:10,4.25
1887-08-31 00:00:10,4.40
1887-09-30 00:00:10,4.51
1887-10-31 00:00:10,4.71
1887-11-30 00:00:10,4.67
1887-12-31 00:00:10,4.74
1888-01-31 00:00:10,4.68
1888-02-29 00:00:10,4.67
1888-03-31 00:00:10,4.82
1888-04-30 00:00:10,4.77
1888-05-31 00:00:10,4.68
1888-06-30 00:00:10,4.79
1888-07-31 00:00:10,4.64
1888-08-31 00:00:10,4.51
1888-09-30 00:00:10,4.37
1888-10-31 00:00:10,4.36
1888-11-30 00:00:10,4.42
1888-12-31 00:00:10,4.47
1889-01-31 00:00:10,4.37
1889-02-28 00:00:10,4.31
1889-03-31 00:00:10,4.38
1889-04-30 00:00:10,4.38
1889-05-31 00:00:10,4.24
1889-06-30 00:00:10,4.16
1889-07-31 00:00:10,4.23
1889-08-31 00:00:10,4.16
1889-09-30 00:00:10,4.05
1889-10-31 00:00:10,4.11
1889-11-30 00:00:10,4.13
1889-12-31 00:00:10,4.14
1890-01-31 00:00:10,4.09
1890-02-28 00:00:10,4.14
1890-03-31 00:00:10,4.17
1890-04-30 00:00:10,4.08
1890-05-31 00:00:10,3.91
1890-06-30 00:00:10,3.94
1890-07-31 00:00:10,3.97
1890-08-31 00:00:10,4.07
1890-09-30 00:00:10,4.14
1890-10-31 00:00:10,4.33
1890-11-30 00:00:10,4.67
1890-12-31 00:00:10,4.78
1891-01-31 00:00:10,4.55
1891-02-28 00:00:10,4.49
1891-03-31 00:00:10,4.57
1891-04-30 00:00:10,4.43
1891-05-31 00:00:10,4.44
1891-06-30 00:00:10,4.54
1891-07-31 00:00:10,4.61
1891-08-31 00:00:10,4.46
1891-09-30 00:00:10,4.13
1891-10-31 00:00:10,4.13
1891-11-30 00:00:10,4.19
1891-12-31 00:00:10,4.07
1892-01-31 00:00:10,4.02
1892-02-29 00:00:10,4.05
1892-03-31 00:00:10,4.03
1892-04-30 00:00:10,4.07
1892-05-31 00:00:10,4.10
1892-06-30 00:00:10,4.15
1892-07-31 00:00:10,4.18
1892-08-31 00:00:10,4.15
1892-09-30 00:00:10,4.29
1892-10-31 00:00:10,4.23
1892-11-30 00:00:10,4.28
1892-12-31 00:00:10,4.36
1893-01-31 00:00:10,4.29
1893-02-28 00:00:10,4.39
1893-03-31 00:00:10,4.57
1893-04-30 00:00:10,4.58
1893-05-31 00:00:10,5.05
1893-06-30 00:00:10,5.31
1893-07-31 00:00:10,5.88
1893-08-31 00:00:10,6.05
1893-09-30 00:00:10,5.66
1893-10-31 00:00:10,5.52
1893-11-30 00:00:10,5.45
1893-12-31 00:00:10,5.67
1894-01-31 00:00:10,5.71
1894-02-28 00:00:10,5.55
1894-03-31 00:00:10,5.32
1894-04-30 00:00:10,5.18
1894-05-31 00:00:10,5.30
1894-06-30 00:00:10,5.30
1894-07-31 00:00:10,5.33
1894-08-31 00:00:10,5.06
1894-09-30 00:00:10,4.91
1894-10-31 00:00:10,4.99
1894-11-30 00:00:10,4.91
1894-12-31 00:00:10,4.88
1895-01-31 00:00:10,4.90
1895-02-28 00:00:10,4.93
1895-03-31 00:00:10,4.89
1895-04-30 00:00:10,4.65
1895-05-31 00:00:10,4.38
1895-06-30 00:00:10,4.26
1895-07-31 00:00:10,4.20
1895-08-31 00:00:10,4.11
1895-09-30 00:00:10,4.05
1895-10-31 00:00:10,4.07
1895-11-30 00:00:10,4.18
1895-12-31 00:00:10,4.40
1896-01-31 00:00:10,4.43
1896-02-29 00:00:10,4.23
1896-03-31 00:00:10,4.28
1896-04-30 00:00:10,4.22
1896-05-31 00:00:10,4.22
1896-06-30 00:00:10,4.28
1896-07-31 00:00:10,4.56
1896-08-31 00:00:10,4.81
1896-09-30 00:00:10,4.55
1896-10-31 00:00:10,4.43
1896-11-30 00:00:10,4.13
1896-12-31 00:00:10,4.27
1897-01-31 00:00:10,4.27
1897-02-28 00:00:10,4.31
1897-03-31 00:00:10,4.30
1897-04-30 00:00:10,4.43
1897-05-31 00:00:10,4.41
1897-06-30 00:00:10,4.22
1897-07-31 00:00:10,4.04
1897-08-31 00:00:10,3.79
1897-09-30 00:00:10,3.61
1897-10-31 00:00:10,3.73
1897-11-30 00:00:10,3.87
1897-12-31 00:00:10,3.79
1898-01-31 00:00:10,3.72
1898-02-28 00:00:10,3.76
1898-03-31 00:00:10,3.98
1898-04-30 00:00:10,4.09
1898-05-31 00:00:10,3.87
1898-06-30 00:00:10,3.75
1898-07-31 00:00:10,3.77
1898-08-31 00:00:10,3.67
1898-09-30 00:00:10,3.71
1898-10-31 00:00:10,3.82
1898-11-30 00:00:10,3.73
1898-12-31 00:00:10,3.54
1899-01-31 00:00:10,3.30
1899-02-28 00:00:10,3.20
1899-03-31 00:00:10,3.16
1899-04-30 00:00:10,3.14
1899-05-31 00:00:10,3.29
1899-06-30 00:00:10,3.38
1899-07-31 00:00:10,3.28
1899-08-31 00:00:10,3.21
1899-09-30 00:00:10,3.26
1899-10-31 00:00:10,3.29
1899-11-30 00:00:10,3.24
1899-12-31 00:00:10,3.49
1900-01-31 00:00:10,3.57
1900-02-28 00:00:10,3.62
1900-03-31 00:00:10,3.71
1900-04-30 00:00:10,3.79
1900-05-31 00:00:10,4.10
1900-06-30 00:00:10,4.35
1900-07-31 00:00:10,4.48
1900-08-31 00:00:10,4.55
1900-09-30 00:00:10,4.78
1900-10-31 00:00:10,4.74
1900-11-30 00:00:10,4.51
1900-12-31 00:00:10,4.37
1901-01-31 00:00:10,4.27
1901-02-28 00:00:10,4.18
1901-03-31 00:00:10,4.06
1901-04-30 00:00:10,3.77
1901-05-31 00:00:10,3.99
1901-06-30 00:00:10,3.65
1901-07-31 00:00:10,3.93
1901-08-31 00:00:10,3.90
1901-09-30 00:00:10,3.94
1901-10-31 00:00:10,4.00
1901-11-30 00:00:10,3.94
1901-12-31 00:00:10,4.03
1902-01-31 00:00:10,3.95
1902-02-28 00:00:10,3.93
1902-03-31 00:00:10,3.93
1902-04-30 00:00:10,3.81
1902-05-31 00:00:10,3.83
1902-06-30 00:00:10,3.86
1902-07-31 00:00:10,3.79
1902-08-31 00:00:10,3.70
1902-09-30 00:00:10,3.70
1902-10-31 00:00:10,3.83
1902-11-30 00:00:10,4.00
1902-12-31 00:00:10,4.10
1903-01-31 00:00:10,3.92
1903-02-28 00:00:10,3.96
1903-03-31 00:00:10,4.15
1903-04-30 00:00:10,4.34
1903-05-31 00:00:10,4.45
1903-06-30 00:00:10,4.74
1903-07-31 00:00:10,4.99
1903-08-31 00:00:10,5.18
1903-09-30 00:00:10,5.33
1903-10-31 00:00:10,5.54
1903-11-30 00:00:10,5.55
1903-12-31 00:00:10,5.33
1904-01-31 00:00:10,5.19
1904-02-29 00:00:10,5.28
1904-03-31 00:00:10,5.25
1904-04-30 00:00:10,5.07
1904-05-31 00:00:10,5.13
1904-06-30 00:00:10,5.07
1904-07-31 00:00:10,4.82
1904-08-31 00:00:10,4.61
1904-09-30 00:00:10,4.37
1904-10-31 00:00:10,4.09
1904-11-30 00:00:10,3.83
1904-12-31 00:00:10,3.76
1905-01-31 00:00:10,3.70
1905-02-28 00:00:10,3.56
1905-03-31 00:00:10,3.48
1905-04-30 00:00:10,3.54
1905-05-31 00:00:10,3.74
1905-06-30 00:00:10,3.72
1905-07-31 00:00:10,3.63
1905-08-31 00:00:10,3.51
1905-09-30 00:00:10,3.52
1905-10-31 00:00:10,3.49
1905-11-30 00:00:10,3.53
1905-12-31 00:00:10,3.46
1906-01-31 00:00:00,3.40
1906-02-28 00:00:00,3.49
1906-03-31 00:00:00,3.63
1906-04-30 00:00:00,3.75
1906-05-31 00:00:00,3.91
1906-06-30 00:00:00,3.92
1906-07-31 00:00:00,4.09
1906-08-31 00:00:00,3.87
1906-09-30 00:00:00,3.81
1906-10-31 00:00:00,3.99
1906-11-30 00:00:00,3.97
1906-12-31 00:00:00,4.07
1907-01-31 00:00:00,4.22
1907-02-28 00:00:00,4.39
1907-03-31 00:00:00,4.91
1907-04-30 00:00:00,4.93
1907-05-31 00:00:00,5.14
1907-06-30 00:00:00,5.36
1907-07-31 00:00:00,5.20
1907-08-31 00:00:00,5.67
1907-09-30 00:00:00,5.77
1907-10-31 00:00:00,6.53
1907-11-30 00:00:00,6.99
1907-12-31 00:00:00,6.70
1908-01-31 00:00:00,6.38
1908-02-29 00:00:00,6.57
1908-03-31 00:00:00,6.26
1908-04-30 00:00:00,5.89
1908-05-31 00:00:00,5.55
1908-06-30 00:00:00,5.50
1908-07-31 00:00:00,5.26
1908-08-31 00:00:00,5.00
1908-09-30 00:00:00,5.02
1908-10-31 00:00:00,4.92
1908-11-30 00:00:00,4.57
1908-12-31 00:00:00,4.43
1909-01-31 00:00:00,4.45
1909-02-28 00:00:00,4.62
1909-03-31 00:00:00,4.60
1909-04-30 00:00:00,4.43
1909-05-31 00:00:00,4.33
1909-06-30 00:00:00,4.29
1909-07-31 00:00:00,4.26
1909-08-31 00:00:00,4.19
1909-09-30 00:00:00,4.22
1909-10-31 00:00:00,4.24
1909-11-30 00:00:00,4.29
1909-12-31 00:00:00,4.27
1910-01-31 00:00:00,4.39
1910-02-28 00:00:00,4.58
1910-03-31 00:00:00,4.49
1910-04-30 00:00:00,4.63
1910-05-31 00:00:00,4.73
1910-06-30 00:00:00,5.00
1910-07-31 00:00:00,5.30
1910-08-31 00:00:00,5.20
1910-09-30 00:00:00,5.19
1910-10-31 00:00:00,4.99
1910-11-30 00:00:00,5.02
1910-12-31 00:00:00,5.19
1911-01-31 00:00:00,5.07
1911-02-28 00:00:00,4.98
1911-03-31 00:00:00,5.04
1911-04-30 00:00:00,5.06
1911-05-31 00:00:00,4.96
1911-06-30 00:00:00,4.86
1911-07-31 00:00:00,4.88
1911-08-31 00:00:00,5.13
1911-09-30 00:00:00,5.42
1911-10-31 00:00:00,5.39
1911-11-30 00:00:00,5.18
1911-12-31 00:00:00,5.16
1912-01-31 00:00:00,5.16
1912-02-29 00:00:00,5.22
1912-03-31 00:00:00,5.08
1912-04-30 00:00:00,4.94
1912-05-31 00:00:00,4.95
1912-06-30 00:00:00,4.96
1912-07-31 00:00:00,4.96
1912-08-31 00:00:00,4.86
1912-09-30 00:00:00,4.84
1912-10-31 00:00:00,4.86
1912-11-30 00:00:00,4.92
1912-12-31 00:00:00,5.12
1913-01-31 00:00:00,5.16
1913-02-28 00:00:00,5.35
1913-03-31 00:00:00,5.45
1913-04-30 00:00:00,5.46
1913-05-31 00:00:00,5.61
1913-06-30 00:00:00,5.91
1913-07-31 00:00:00,5.83
1913-08-31 00:00:00,5.68
1913-09-30 00:00:00,5.63
1913-10-31 00:00:00,5.81
1913-11-30 00:00:00,5.96
1913-12-31 00:00:00,5.97
1914-01-31 00:00:00,5.68
1914-02-28 00:00:00,5.54
1914-03-31 00:00:00,5.59
1914-04-30 00:00:00,5.67
1914-05-31 00:00:00,5.57
1914-06-30 00:00:00,5.54
1914-07-31 00:00:00,5.79
1914-08-31 00:00:00,5.73
1914-09-30 00:00:00,5.66
1914-10-31 00:00:00,5.60
1914-11-30 00:00:00,5.53
1914-12-31 00:00:00,5.71
1915-01-31 00:00:00,5.63
1915-02-28 00:00:00,5.71
1915-03-31 00:00:00,5.58
1915-04-30 00:00:00,5.20
1915-05-31 00:00:00,5.34
1915-06-30 00:00:00,5.29
1915-07-31 00:00:00,5.32
1915-08-31 00:00:00,5.11
1915-09-30 00:00:00,4.94
1915-10-31 00:00:00,4.69
1915-11-30 00:00:00,4.54
1915-12-31 00:00:00,4.54
1916-01-31 00:00:00,4.72
1916-02-29 00:00:00,4.91
1916-03-31 00:00:00,5.04
1916-04-30 00:00:00,5.22
1916-05-31 00:00:00,5.22
1916-06-30 00:00:00,5.29
1916-07-31 00:00:00,5.48
1916-08-31 00:00:00,5.56
1916-09-30 00:00:00,5.45
1916-10-31 00:00:00,5.39
1916-11-30 00:00:00,5.38
1916-12-31 00:00:00,5.71
1917-01-31 00:00:00,5.96
1917-02-28 00:00:00,6.44
1917-03-31 00:00:00,6.36
1917-04-30 00:00:00,6.58
1917-05-31 00:00:00,6.93
1917-06-30 00:00:00,6.91
1917-07-31 00:00:00,7.23
1917-08-31 00:00:00,7.58
1917-09-30 00:00:00,8.10
1917-10-31 00:00:00,8.70
1917-11-30 00:00:00,9.65
1917-12-31 00:00:00,10.15
1918-01-31 00:00:00,9.43
1918-02-28 00:00:00,9.02
1918-03-31 00:00:00,9.07
1918-04-30 00:00:00,9.02
1918-05-31 00:00:00,8.60
1918-06-30 00:00:00,8.46
1918-07-31 00:00:00,8.26
1918-08-31 00:00:00,8.05
1918-09-30 00:00:00,7.96
1918-10-31 00:00:00,7.51
1918-11-30 00:00:00,7.20
1918-12-31 00:00:00,7.22
1919-01-31 00:00:00,7.22
1919-02-28 00:00:00,7.15
1919-03-31 00:00:00,6.90
1919-04-30 00:00:00,6.64
1919-05-31 00:00:00,6.17
1919-06-30 00:00:00,5.97
1919-07-31 00:00:00,5.75
1919-08-31 00:00:00,6.13
1919-09-30 00:00:00,5.99
1919-10-31 00:00:00,5.67
1919-11-30 00:00:00,5.80
1919-12-31 00:00:00,5.94
1920-01-31 00:00:00,5.98
1920-02-29 00:00:00,6.50
1920-03-31 00:00:00,6.06
1920-04-30 00:00:00,6.08
1920-05-31 00:00:00,6.47
1920-06-30 00:00:00,6.57
1920-07-31 00:00:00,6.55
1920-08-31 00:00:00,6.80
1920-09-30 00:00:00,6.54
1920-10-31 00:00:00,6.51
1920-11-30 00:00:00,6.84
1920-12-31 00:00:00,7.49
1921-01-31 00:00:00,7.11
1921-02-28 00:00:00,7.11
1921-03-31 00:00:00,7.23
1921-04-30 00:00:00,7.14
1921-05-31 00:00:00,6.87
1921-06-30 00:00:00,7.40
1921-07-31 00:00:00,7.36
1921-08-31 00:00:00,7.39
1921-09-30 00:00:00,7.15
1921-10-31 00:00:00,6.99
1921-11-30 00:00:00,6.58
1921-12-31 00:00:00,6.29
1922-01-31 00:00:00,6.36
1922-02-28 00:00:00,6.28
1922-03-31 00:00:00,6.10
1922-04-30 00:00:00,5.81
1922-05-31 00:00:00,5.64
1922-06-30 00:00:00,5.74
1922-07-31 00:00:00,5.75
1922-08-31 00:00:00,5.59
1922-09-30 00:00:00,5.49
1922-10-31 00:00:00,5.42
1922-11-30 00:00:00,5.75
1922-12-31 00:00:00,5.81
1923-01-31 00:00:00,5.75
1923-02-28 00:00:00,5.53
1923-03-31 00:00:00,5.46
1923-04-30 00:00:00,5.68
1923-05-31 00:00:00,5.98
1923-06-30 00:00:00,6.24
1923-07-31 00:00:00,6.47
1923-08-31 00:00:00,6.46
1923-09-30 00:00:00,6.44
1923-10-31 00:00:00,6.56
1923-11-30 00:00:00,6.39
1923-12-31 00:00:00,6.20
1924-01-31 00:00:00,6.02
1924-02-29 00:00:00,6.01
1924-03-31 00:00:00,6.15
1924-04-30 00:00:00,6.31
1924-05-31 00:00:00,6.36
1924-06-30 00:00:00,6.26
1924-07-31 00:00:00,6.00
1924-08-31 00:00:00,5.82
1924-09-30 00:00:00,5.89
1924-10-31 00:00:00,5.99
1924-11-30 00:00:00,5.69
1924-12-31 00:00:00,5.41
1925-01-31 00:00:00,5.24
1925-02-28 00:00:00,5.23
1925-03-31 00:00:00,5.41
1925-04-30 00:00:00,5.51
1925-05-31 00:00:00,5.38
1925-06-30 00:00:00,5.32
1925-07-31 00:00:00,5.22
1925-08-31 00:00:00,5.18
1925-09-30 00:00:00,5.10
1925-10-31 00:00:00,4.98
1925-11-30 00:00:00,4.86
1925-12-31 00:00:00,4.82
1926-01-31 00:00:00,4.80
1926-02-28 00:00:00,4.85
1926-03-31 00:00:00,5.27
1926-04-30 00:00:00,5.49
1926-05-31 00:00:00,5.51
1926-06-30 00:00:00,5.33
1926-07-31 00:00:00,5.17
1926-08-31 00:00:00,5.03
1926-09-30 00:00:00,5.01
1926-10-31 00:00:00,5.18
1926-11-30 00:00:00,5.17
1926-12-31 00:00:00,5.11
1927-01-31 00:00:00,5.20
1927-02-28 00:00:00,5.15
1927-03-31 00:00:00,5.12
1927-04-30 00:00:00,5.04
1927-05-31 00:00:00,4.92
1927-06-30 00:00:00,4.90
1927-07-31 00:00:00,4.84
1927-08-31 00:00:00,4.64
1927-09-30 00:00:00,4.43
1927-10-31 00:00:00,4.54
1927-11-30 00:00:00,4.47
1927-12-31 00:00:00,4.41
1928-01-31 00:00:00,4.43
1928-02-29 00:00:00,4.52
1928-03-31 00:00:00,4.33
1928-04-30 00:00:00,4.11
1928-05-31 00:00:00,4.02
1928-06-30 00:00:00,4.26
1928-07-31 00:00:00,4.26
1928-08-31 00:00:00,4.16
1928-09-30 00:00:00,3.92
1928-10-31 00:00:00,3.87
1928-11-30 00:00:00,3.66
1928-12-31 00:00:00,3.67
1929-01-31 00:00:00,3.46
1929-02-28 00:00:00,3.48
1929-03-31 00:00:00,3.46
1929-04-30 00:00:00,3.52
1929-05-31 00:00:00,3.51
1929-06-30 00:00:00,3.48
1929-07-31 00:00:00,3.23
1929-08-31 00:00:00,3.09
1929-09-30 00:00:00,3.00
1929-10-31 00:00:00,3.39
1929-11-30 00:00:00,4.66
1929-12-31 00:00:00,4.53
1930-01-31 00:00:00,4.47
1930-02-28 00:00:00,4.21
1930-03-31 00:00:00,4.06
1930-04-30 00:00:00,3.82
1930-05-31 00:00:00,4.07
1930-06-30 00:00:00,4.53
1930-07-31 00:00:00,4.63
1930-08-31 00:00:00,4.70
1930-09-30 00:00:00,4.70
1930-10-31 00:00:00,5.46
1930-11-30 00:00:00,5.89
1930-12-31 00:00:00,6.32
1931-01-31 00:00:00,6.05
1931-02-28 00:00:00,5.54
1931-03-31 00:00:00,5.36
1931-04-30 00:00:00,5.84
1931-05-31 00:00:00,6.37
1931-06-30 00:00:00,6.49
1931-07-31 00:00:00,6.19
1931-08-31 00:00:00,6.28
1931-09-30 00:00:00,7.27
1931-10-31 00:00:00,8.26
1931-11-30 00:00:00,8.02
1931-12-31 00:00:00,9.72
1932-01-31 00:00:00,9.56
1932-02-29 00:00:00,9.32
1932-03-31 00:00:00,8.96
1932-04-30 00:00:00,11.36
1932-05-31 00:00:00,12.46
1932-06-30 00:00:00,13.84
1932-07-31 00:00:00,12.64
1932-08-31 00:00:00,8.06
1932-09-30 00:00:00,7.02
1932-10-31 00:00:00,7.77
1932-11-30 00:00:00,7.47
1932-12-31 00:00:00,7.33
1933-01-31 00:00:00,6.98
1933-02-28 00:00:00,7.84
1933-03-31 00:00:00,7.78
1933-04-30 00:00:00,6.97
1933-05-31 00:00:00,5.36
1933-06-30 00:00:00,4.52
1933-07-31 00:00:00,4.14
1933-08-31 00:00:00,4.31
1933-09-30 00:00:00,4.30
1933-10-31 00:00:00,4.71
1933-11-30 00:00:00,4.55
1933-12-31 00:00:00,4.41
1934-01-31 00:00:00,4.18
1934-02-28 00:00:00,3.90
1934-03-31 00:00:00,4.12
1934-04-30 00:00:00,4.06
1934-05-31 00:00:00,4.53
1934-06-30 00:00:00,4.48
1934-07-31 00:00:00,4.71
1934-08-31 00:00:00,4.91
1934-09-30 00:00:00,5.04
1934-10-31 00:00:00,5.01
1934-11-30 00:00:00,4.88
1934-12-31 00:00:00,4.86
1935-01-31 00:00:00,4.86
1935-02-28 00:00:00,5.01
1935-03-31 00:00:00,5.35
1935-04-30 00:00:00,4.94
1935-05-31 00:00:00,4.55
1935-06-30 00:00:00,4.35
1935-07-31 00:00:00,4.13
1935-08-31 00:00:00,3.87
1935-09-30 00:00:00,3.79
1935-10-31 00:00:00,3.78
1935-11-30 00:00:00,3.53
1935-12-31 00:00:00,3.60
1936-01-31 00:00:00,3.49
1936-02-29 00:00:00,3.37
1936-03-31 00:00:00,3.36
1936-04-30 00:00:00,3.47
1936-05-31 00:00:00,3.79
1936-06-30 00:00:00,3.74
1936-07-31 00:00:00,3.66
1936-08-31 00:00:00,3.72
1936-09-30 00:00:00,3.80
1936-10-31 00:00:00,3.83
1936-11-30 00:00:00,3.94
1936-12-31 00:00:00,4.22
1937-01-31 00:00:00,4.15
1937-02-28 00:00:00,4.09
1937-03-31 00:00:00,4.15
1937-04-30 00:00:00,4.59
1937-05-31 00:00:00,4.98
1937-06-30 00:00:00,5.37
1937-07-31 00:00:00,4.93
1937-08-31 00:00:00,4.74
1937-09-30 00:00:00,5.36
1937-10-31 00:00:00,6.35
1937-11-30 00:00:00,7.05
1937-12-31 00:00:00,7.26
1938-01-31 00:00:00,7.01
1938-02-28 00:00:00,7.13
1938-03-31 00:00:00,7.57
1938-04-30 00:00:00,7.75
1938-05-31 00:00:00,7.55
1938-06-30 00:00:00,7.25
1938-07-31 00:00:00,5.83
1938-08-31 00:00:00,5.58
1938-09-30 00:00:00,5.62
1938-10-31 00:00:00,4.67
1938-11-30 00:00:00,4.28
1938-12-31 00:00:00,4.02
1939-01-31 00:00:00,4.11
1939-02-28 00:00:00,4.17
1939-03-31 00:00:00,4.20
1939-04-30 00:00:00,4.83
1939-05-31 00:00:00,4.69
1939-06-30 00:00:00,4.64
1939-07-31 00:00:00,4.61
1939-08-31 00:00:00,4.77
1939-09-30 00:00:00,4.39
1939-10-31 00:00:00,4.50
1939-11-30 00:00:00,4.74
1939-12-31 00:00:00,5.01
1940-01-31 00:00:00,5.07
1940-02-29 00:00:00,5.13
1940-03-31 00:00:00,5.19
1940-04-30 00:00:00,5.19
1940-05-31 00:00:00,6.08
1940-06-30 00:00:00,6.72
1940-07-31 00:00:00,6.57
1940-08-31 00:00:00,6.50
1940-09-30 00:00:00,6.30
1940-10-31 00:00:00,6.24
1940-11-30 00:00:00,6.10
1940-12-31 00:00:00,6.36
1941-01-31 00:00:00,6.38
1941-02-28 00:00:00,6.84
1941-03-31 00:00:00,6.83
1941-04-30 00:00:00,7.09
1941-05-31 00:00:00,7.28
1941-06-30 00:00:00,7.07
1941-07-31 00:00:00,6.76
1941-08-31 00:00:00,6.82
1941-09-30 00:00:00,6.84
1941-10-31 00:00:00,7.15
1941-11-30 00:00:00,7.54
1941-12-31 00:00:00,8.11
1942-01-31 00:00:00,7.88
1942-02-28 00:00:00,8.05
1942-03-31 00:00:00,8.44
1942-04-30 00:00:00,8.67
1942-05-31 00:00:00,8.45
1942-06-30 00:00:00,7.92
1942-07-31 00:00:00,7.48
1942-08-31 00:00:00,7.37
1942-09-30 00:00:00,7.14
1942-10-31 00:00:00,6.55
1942-11-30 00:00:00,6.34
1942-12-31 00:00:00,6.20
1943-01-31 00:00:00,5.85
1943-02-28 00:00:00,5.52
1943-03-31 00:00:00,5.33
1943-04-30 00:00:00,5.16
1943-05-31 00:00:00,4.96
1943-06-30 00:00:00,4.88
1943-07-31 00:00:00,4.80
1943-08-31 00:00:00,5.08
1943-09-30 00:00:00,5.00
1943-10-31 00:00:00,5.08
1943-11-30 00:00:00,5.35
1943-12-31 00:00:00,5.31
1944-01-31 00:00:00,5.18
1944-02-29 00:00:00,5.24
1944-03-31 00:00:00,5.12
1944-04-30 00:00:00,5.24
1944-05-31 00:00:00,5.18
1944-06-30 00:00:00,4.97
1944-07-31 00:00:00,4.87
1944-08-31 00:00:00,4.97
1944-09-30 00:00:00,5.08
1944-10-31 00:00:00,4.96
1944-11-30 00:00:00,4.99
1944-12-31 00:00:00,4.89
1945-01-31 00:00:00,4.77
1945-02-28 00:00:00,4.64
1945-03-31 00:00:00,4.67
1945-04-30 00:00:00,4.55
1945-05-31 00:00:00,4.39
1945-06-30 00:00:00,4.31
1945-07-31 00:00:00,4.42
1945-08-31 00:00:00,4.43
1945-09-30 00:00:00,4.17
1945-10-31 00:00:00,4.00
1945-11-30 00:00:00,3.87
1945-12-31 00:00:00,3.81
1946-01-31 00:00:00,3.70
1946-02-28 00:00:00,3.73
1946-03-31 00:00:00,3.88
1946-04-30 00:00:00,3.64
1946-05-31 00:00:00,3.64
1946-06-30 00:00:00,3.66
1946-07-31 00:00:00,3.79
1946-08-31 00:00:00,3.88
1946-09-30 00:00:00,4.57
1946-10-31 00:00:00,4.72
1946-11-30 00:00:00,4.79
1946-12-31 00:00:00,4.69
1947-01-31 00:00:00,4.69
1947-02-28 00:00:00,4.54
1947-03-31 00:00:00,4.75
1947-04-30 00:00:00,5.02
1947-05-31 00:00:00,5.21
1947-06-30 00:00:00,5.12
1947-07-31 00:00:00,4.88
1947-08-31 00:00:00,5.05
1947-09-30 00:00:00,5.25
1947-10-31 00:00:00,5.22
1947-11-30 00:00:00,5.39
1947-12-31 00:00:00,5.59
1948-01-31 00:00:00,5.69
1948-02-29 00:00:00,6.00
1948-03-31 00:00:00,5.94
1948-04-30 00:00:00,5.52
1948-05-31 00:00:00,5.26
1948-06-30 00:00:00,5.05
1948-07-31 00:00:00,5.22
1948-08-31 00:00:00,5.42
1948-09-30 00:00:00,5.52
1948-10-31 00:00:00,5.50
1948-11-30 00:00:00,5.95
1948-12-31 00:00:00,6.12
1949-01-31 00:00:00,6.16
1949-02-28 00:00:00,6.52
1949-03-31 00:00:00,6.57
1949-04-30 00:00:00,6.67
1949-05-31 00:00:00,6.81
1949-06-30 00:00:00,7.30
1949-07-31 00:00:00,6.96
1949-08-31 00:00:00,6.76
1949-09-30 00:00:00,6.71
1949-10-31 00:00:00,6.75
1949-11-30 00:00:00,6.87
1949-12-31 00:00:00,6.89
1950-01-31 00:00:00,6.81
1950-02-28 00:00:00,6.74
1950-03-31 00:00:00,6.74
1950-04-30 00:00:00,6.61
1950-05-31 00:00:00,6.45
1950-06-30 00:00:00,6.40
1950-07-31 00:00:00,7.15
1950-08-31 00:00:00,6.98
1950-09-30 00:00:00,6.97
1950-10-31 00:00:00,6.93
1950-11-30 00:00:00,7.18
1950-12-31 00:00:00,7.44
1951-01-31 00:00:00,7.01
1951-02-28 00:00:00,6.83
1951-03-31 00:00:00,7.03
1951-04-30 00:00:00,7.00
1951-05-31 00:00:00,7.05
1951-06-30 00:00:00,7.24
1951-07-31 00:00:00,7.05
1951-08-31 00:00:00,6.70
1951-09-30 00:00:00,6.47
1951-10-31 00:00:00,6.35
1951-11-30 00:00:00,6.37
1951-12-31 00:00:00,6.02
1952-01-31 00:00:00,5.84
1952-02-29 00:00:00,5.96
1952-03-31 00:00:00,5.96
1952-04-30 00:00:00,6.02
1952-05-31 00:00:00,6.07
1952-06-30 00:00:00,5.95
1952-07-31 00:00:00,5.78
1952-08-31 00:00:00,5.76
1952-09-30 00:00:00,5.85
1952-10-31 00:00:00,5.92
1952-11-30 00:00:00,5.69
1952-12-31 00:00:00,5.41
1953-01-31 00:00:00,5.39
1953-02-28 00:00:00,5.45
1953-03-31 00:00:00,5.43
1953-04-30 00:00:00,5.72
1953-05-31 00:00:00,5.70
1953-06-30 00:00:00,5.93
1953-07-31 00:00:00,5.85
1953-08-31 00:00:00,5.82
1953-09-30 00:00:00,6.10
1953-10-31 00:00:00,5.97
1953-11-30 00:00:00,5.88
1953-12-31 00:00:00,5.84
1954-01-31 00:00:00,5.72
1954-02-28 00:00:00,5.62
1954-03-31 00:00:00,5.53
1954-04-30 00:00:00,5.30
1954-05-31 00:00:00,5.07
1954-06-30 00:00:00,5.01
1954-07-31 00:00:00,4.83
1954-08-31 00:00:00,4.76
1954-09-30 00:00:00,4.67
1954-10-31 00:00:00,4.64
1954-11-30 00:00:00,4.54
1954-12-31 00:00:00,4.40
1955-01-31 00:00:00,4.34
1955-02-28 00:00:00,4.22
1955-03-31 00:00:00,4.27
1955-04-30 00:00:00,4.14
1955-05-31 00:00:00,4.17
1955-06-30 00:00:00,3.95
1955-07-31 00:00:00,3.72
1955-08-31 00:00:00,3.78
1955-09-30 00:00:00,3.65
1955-10-31 00:00:00,3.86
1955-11-30 00:00:00,3.63
1955-12-31 00:00:00,3.61
1956-01-31 00:00:00,3.78
1956-02-29 00:00:00,3.83
1956-03-31 00:00:00,3.64
1956-04-30 00:00:00,3.65
1956-05-31 00:00:00,3.82
1956-06-30 00:00:00,3.89
1956-07-31 00:00:00,3.72
1956-08-31 00:00:00,3.77
1956-09-30 00:00:00,3.93
1956-10-31 00:00:00,3.91
1956-11-30 00:00:00,3.88
1956-12-31 00:00:00,3.75
1957-01-31 00:00:00,3.82
1957-02-28 00:00:00,3.99
1957-03-31 00:00:00,3.93
1957-04-30 00:00:00,3.84
1957-05-31 00:00:00,3.70
1957-06-30 00:00:00,3.64
1957-07-31 00:00:00,3.59
1957-08-31 00:00:00,3.82
1957-09-30 00:00:00,4.00
1957-10-31 00:00:00,4.29
1957-11-30 00:00:00,4.41
1957-12-31 00:00:00,4.44
1958-01-31 00:00:00,4.34
1958-02-28 00:00:00,4.31
1958-03-31 00:00:00,4.20
1958-04-30 00:00:00,4.15
1958-05-31 00:00:00,3.99
1958-06-30 00:00:00,3.87
1958-07-31 00:00:00,3.76
1958-08-31 00:00:00,3.63
1958-09-30 00:00:00,3.53
1958-10-31 00:00:00,3.41
1958-11-30 00:00:00,3.32
1958-12-31 00:00:00,3.27
1959-01-31 00:00:00,3.16
1959-02-28 00:00:00,3.22
1959-03-31 00:00:00,3.15
1959-04-30 00:00:00,3.11
1959-05-31 00:00:00,3.08
1959-06-30 00:00:00,3.12
1959-07-31 00:00:00,3.01
1959-08-31 00:00:00,3.04
1959-09-30 00:00:00,3.17
1959-10-31 00:00:00,3.19
1959-11-30 00:00:00,3.19
1959-12-31 00:00:00,3.10
1960-01-31 00:00:00,3.22
1960-02-29 00:00:00,3.41
1960-03-31 00:00:00,3.53
1960-04-30 00:00:00,3.49
1960-05-31 00:00:00,3.53
1960-06-30 00:00:00,3.41
1960-07-31 00:00:00,3.49
1960-08-31 00:00:00,3.45
1960-09-30 00:00:00,3.56
1960-10-31 00:00:00,3.63
1960-11-30 00:00:00,3.52
1960-12-31 00:00:00,3.43
1961-01-31 00:00:00,3.26
1961-02-28 00:00:00,3.13
1961-03-31 00:00:00,3.03
1961-04-30 00:00:00,2.95
1961-05-31 00:00:00,2.92
1961-06-30 00:00:00,2.96
1961-07-31 00:00:00,2.97
1961-08-31 00:00:00,2.88
1961-09-30 00:00:00,2.91
1961-10-31 00:00:00,2.91
1961-11-30 00:00:00,2.81
1961-12-31 00:00:00,2.82
1962-01-31 00:00:00,2.93
1962-02-28 00:00:00,2.90
1962-03-31 00:00:00,2.90
1962-04-30 00:00:00,3.01
1962-05-31 00:00:00,3.26
1962-06-30 00:00:00,3.70
1962-07-31 00:00:00,3.63
1962-08-31 00:00:00,3.54
1962-09-30 00:00:00,3.59
1962-10-31 00:00:00,3.73
1962-11-30 00:00:00,3.52
1962-12-31 00:00:00,3.40
1963-01-31 00:00:00,3.28
1963-02-28 00:00:00,3.25
1963-03-31 00:00:00,3.27
1963-04-30 00:00:00,3.15
1963-05-31 00:00:00,3.11
1963-06-30 00:00:00,3.14
1963-07-31 00:00:00,3.19
1963-08-31 00:00:00,3.11
1963-09-30 00:00:00,3.03
1963-10-31 00:00:00,3.06
1963-11-30 00:00:00,3.11
1963-12-31 00:00:00,3.07
1964-01-31 00:00:00,3.00
1964-02-29 00:00:00,2.99
1964-03-31 00:00:00,2.96
1964-04-30 00:00:00,2.94
1964-05-31 00:00:00,2.93
1964-06-30 00:00:00,2.97
1964-07-31 00:00:00,2.88
1964-08-31 00:00:00,2.95
1964-09-30 00:00:00,2.93
1964-10-31 00:00:00,2.90
1964-11-30 00:00:00,2.90
1964-12-31 00:00:00,2.98
1965-01-31 00:00:00,2.92
1965-02-28 00:00:00,2.92
1965-03-31 00:00:00,2.94
1965-04-30 00:00:00,2.92
1965-05-31 00:00:00,2.90
1965-06-30 00:00:00,3.07
1965-07-31 00:00:00,3.09
1965-08-31 00:00:00,3.06
1965-09-30 00:00:00,2.98
1965-10-31 00:00:00,2.93
1965-11-30 00:00:00,2.93
1965-12-31 00:00:00,2.97
1966-01-31 00:00:00,2.94
1966-02-28 00:00:00,2.98
1966-03-31 00:00:00,3.13
1966-04-30 00:00:00,3.05
1966-05-31 00:00:00,3.24
1966-06-30 00:00:00,3.29
1966-07-31 00:00:00,3.32
1966-08-31 00:00:00,3.56
1966-09-30 00:00:00,3.71
1966-10-31 00:00:00,3.74
1966-11-30 00:00:00,3.55
1966-12-31 00:00:00,3.53
1967-01-31 00:00:00,3.41
1967-02-28 00:00:00,3.31
1967-03-31 00:00:00,3.24
1967-04-30 00:00:00,3.19
1967-05-31 00:00:00,3.13
1967-06-30 00:00:00,3.17
1967-07-31 00:00:00,3.13
1967-08-31 00:00:00,3.08
1967-09-30 00:00:00,3.05
1967-10-31 00:00:00,3.05
1967-11-30 00:00:00,3.15
1967-12-31 00:00:00,3.06
1968-01-31 00:00:00,3.08
1968-02-29 00:00:00,3.24
1968-03-31 00:00:00,3.31
1968-04-30 00:00:00,3.10
1968-05-31 00:00:00,3.04
1968-06-30 00:00:00,2.98
1968-07-31 00:00:00,2.99
1968-08-31 00:00:00,3.07
1968-09-30 00:00:00,2.99
1968-10-31 00:00:00,2.93
1968-11-30 00:00:00,2.90
1968-12-31 00:00:00,2.88
1969-01-31 00:00:00,3.02
1969-02-28 00:00:00,3.04
1969-03-31 00:00:00,3.12
1969-04-30 00:00:00,3.07
1969-05-31 00:00:00,2.98
1969-06-30 00:00:00,3.16
1969-07-31 00:00:00,3.31
1969-08-31 00:00:00,3.34
1969-09-30 00:00:00,3.33
1969-10-31 00:00:00,3.30
1969-11-30 00:00:00,3.28
1969-12-31 00:00:00,3.47
1970-01-31 00:00:00,3.50
1970-02-28 00:00:00,3.63
1970-03-31 00:00:00,3.58
1970-04-30 00:00:00,3.69
1970-05-31 00:00:00,4.18
1970-06-30 00:00:00,4.21
1970-07-31 00:00:00,4.20
1970-08-31 00:00:00,4.09
1970-09-30 00:00:00,3.86
1970-10-31 00:00:00,3.76
1970-11-30 00:00:00,3.75
1970-12-31 00:00:00,3.49
1971-01-31 00:00:00,3.35
1971-02-28 00:00:00,3.21
1971-03-31 00:00:00,3.12
1971-04-30 00:00:00,3.02
1971-05-31 00:00:00,3.05
1971-06-30 00:00:00,3.11
1971-07-31 00:00:00,3.13
1971-08-31 00:00:00,3.18
1971-09-30 00:00:00,3.11
1971-10-31 00:00:00,3.17
1971-11-30 00:00:00,3.32
1971-12-31 00:00:00,3.10
1972-01-31 00:00:00,2.97
1972-02-29 00:00:00,2.92
1972-03-31 00:00:00,2.85
1972-04-30 00:00:00,2.82
1972-05-31 00:00:00,2.85
1972-06-30 00:00:00,2.84
1972-07-31 00:00:00,2.87
1972-08-31 00:00:00,2.77
1972-09-30 00:00:00,2.82
1972-10-31 00:00:00,2.83
1972-11-30 00:00:00,2.72
1972-12-31 00:00:00,2.68
1973-01-31 00:00:00,2.67
1973-02-28 00:00:00,2.77
1973-03-31 00:00:00,2.82
1973-04-30 00:00:00,2.89
1973-05-31 00:00:00,2.99
1973-06-30 00:00:00,3.07
1973-07-31 00:00:00,3.06
1973-08-31 00:00:00,3.13
1973-09-30 00:00:00,3.10
1973-10-31 00:00:00,3.01
1973-11-30 00:00:00,3.28
1973-12-31 00:00:00,3.57
1974-01-31 00:00:00,3.54
1974-02-28 00:00:00,3.66
1974-03-31 00:00:00,3.53
1974-04-30 00:00:00,3.74
1974-05-31 00:00:00,3.88
1974-06-30 00:00:00,3.90
1974-07-31 00:00:00,4.45
1974-08-31 00:00:00,4.68
1974-09-30 00:00:00,5.27
1974-10-31 00:00:00,5.17
1974-11-30 00:00:00,5.01
1974-12-31 00:00:00,5.37
1975-01-31 00:00:00,4.99
1975-02-28 00:00:00,4.55
1975-03-31 00:00:00,4.38
1975-04-30 00:00:00,4.35
1975-05-31 00:00:00,4.10
1975-06-30 00:00:00,4.02
1975-07-31 00:00:00,4.01
1975-08-31 00:00:00,4.33
1975-09-30 00:00:00,4.38
1975-10-31 00:00:00,4.18
1975-11-30 00:00:00,4.10
1975-12-31 00:00:00,4.15
1976-01-31 00:00:00,3.80
1976-02-29 00:00:00,3.66
1976-03-31 00:00:00,3.65
1976-04-30 00:00:00,3.64
1976-05-31 00:00:00,3.69
1976-06-30 00:00:00,3.69
1976-07-31 00:00:00,3.64
1976-08-31 00:00:00,3.70
1976-09-30 00:00:00,3.65
1976-10-31 00:00:00,3.84
1976-11-30 00:00:00,3.94
1976-12-31 00:00:00,3.87
1977-01-31 00:00:00,3.95
1977-02-28 00:00:00,4.10
1977-03-31 00:00:00,4.17
1977-04-30 00:00:00,4.29
1977-05-31 00:00:00,4.36
1977-06-30 00:00:00,4.39
1977-07-31 00:00:00,4.40
1977-08-31 00:00:00,4.56
1977-09-30 00:00:00,4.68
1977-10-31 00:00:00,4.86
1977-11-30 00:00:00,4.89
1977-12-31 00:00:00,4.98
1978-01-31 00:00:00,5.22
1978-02-28 00:00:00,5.35
1978-03-31 00:00:00,5.40
1978-04-30 00:00:00,5.22
1978-05-31 00:00:00,5.00
1978-06-30 00:00:00,5.03
1978-07-31 00:00:00,5.09
1978-08-31 00:00:00,4.80
1978-09-30 00:00:00,4.83
1978-10-31 00:00:00,5.01
1978-11-30 00:00:00,5.34
1978-12-31 00:00:00,5.28
1979-01-31 00:00:00,5.13
1979-02-28 00:00:00,5.25
1979-03-31 00:00:00,5.19
1979-04-30 00:00:00,5.14
1979-05-31 00:00:00,5.31
1979-06-30 00:00:00,5.25
1979-07-31 00:00:00,5.25
1979-08-31 00:00:00,5.08
1979-09-30 00:00:00,5.07
1979-10-31 00:00:00,5.32
1979-11-30 00:00:00,5.40
1979-12-31 00:00:00,5.24
1980-01-31 00:00:00,5.14
1980-02-29 00:00:00,4.99
1980-03-31 00:00:00,5.54
1980-04-30 00:00:00,5.68
1980-05-31 00:00:00,5.47
1980-06-30 00:00:00,5.18
1980-07-31 00:00:00,4.99
1980-08-31 00:00:00,4.88
1980-09-30 00:00:00,4.80
1980-10-31 00:00:00,4.69
1980-11-30 00:00:00,4.52
1980-12-31 00:00:00,4.61
1981-01-31 00:00:00,4.66
1981-02-28 00:00:00,4.86
1981-03-31 00:00:00,4.71
1981-04-30 00:00:00,4.70
1981-05-31 00:00:00,4.82
1981-06-30 00:00:00,4.83
1981-07-31 00:00:00,4.98
1981-08-31 00:00:00,5.00
1981-09-30 00:00:00,5.51
1981-10-31 00:00:00,5.47
1981-11-30 00:00:00,5.36
1981-12-31 00:00:00,5.36
1982-01-31 00:00:00,5.68
1982-02-28 00:00:00,5.84
1982-03-31 00:00:00,6.06
1982-04-30 00:00:00,5.80
1982-05-31 00:00:00,5.82
1982-06-30 00:00:00,6.21
1982-07-31 00:00:00,6.24
1982-08-31 00:00:00,6.23
1982-09-30 00:00:00,5.60
1982-10-31 00:00:00,5.17
1982-11-30 00:00:00,4.97
1982-12-31 00:00:00,4.93
1983-01-31 00:00:00,4.77
1983-02-28 00:00:00,4.70
1983-03-31 00:00:00,4.55
1983-04-30 00:00:00,4.39
1983-05-31 00:00:00,4.22
1983-06-30 00:00:00,4.17
1983-07-31 00:00:00,4.17
1983-08-31 00:00:00,4.30
1983-09-30 00:00:00,4.19
1983-10-31 00:00:00,4.19
1983-11-30 00:00:00,4.27
1983-12-31 00:00:00,4.31
1984-01-31 00:00:00,4.28
1984-02-29 00:00:00,4.55
1984-03-31 00:00:00,4.56
1984-04-30 00:00:00,4.58
1984-05-31 00:00:00,4.64
1984-06-30 00:00:00,4.77
1984-07-31 00:00:00,4.85
1984-08-31 00:00:00,4.47
1984-09-30 00:00:00,4.44
1984-10-31 00:00:00,4.51
1984-11-30 00:00:00,4.50
1984-12-31 00:00:00,4.58
1985-01-31 00:00:00,4.41
1985-02-28 00:00:00,4.21
1985-03-31 00:00:00,4.27
1985-04-30 00:00:00,4.26
1985-05-31 00:00:00,4.17
1985-06-30 00:00:00,4.10
1985-07-31 00:00:00,4.04
1985-08-31 00:00:00,4.15
1985-09-30 00:00:00,4.26
1985-10-31 00:00:00,4.22
1985-11-30 00:00:00,3.99
1985-12-31 00:00:00,3.81
1986-01-31 00:00:00,3.81
1986-02-28 00:00:00,3.64
1986-03-31 00:00:00,3.45
1986-04-30 00:00:00,3.38
1986-05-31 00:00:00,3.39
1986-06-30 00:00:00,3.30
1986-07-31 00:00:00,3.39
1986-08-31 00:00:00,3.34
1986-09-30 00:00:00,3.45
1986-10-31 00:00:00,3.47
1986-11-30 00:00:00,3.37
1986-12-31 00:00:00,3.33
1987-01-31 00:00:00,3.14
1987-02-28 00:00:00,2.96
1987-03-31 00:00:00,2.85
1987-04-30 00:00:00,2.90
1987-05-31 00:00:00,2.93
1987-06-30 00:00:00,2.83
1987-07-31 00:00:00,2.76
1987-08-31 00:00:00,2.61
1987-09-30 00:00:00,2.72
1987-10-31 00:00:00,3.11
1987-11-30 00:00:00,3.58
1987-12-31 00:00:00,3.66
1988-01-31 00:00:00,3.54
1988-02-29 00:00:00,3.45
1988-03-31 00:00:00,3.37
1988-04-30 00:00:00,3.44
1988-05-31 00:00:00,3.57
1988-06-30 00:00:00,3.41
1988-07-31 00:00:00,3.46
1988-08-31 00:00:00,3.56
1988-09-30 00:00:00,3.53
1988-10-31 00:00:00,3.44
1988-11-30 00:00:00,3.56
1988-12-31 00:00:00,3.53
1989-01-31 00:00:00,3.45
1989-02-28 00:00:00,3.38
1989-03-31 00:00:00,3.42
1989-04-30 00:00:00,3.35
1989-05-31 00:00:00,3.27
1989-06-30 00:00:00,3.20
1989-07-31 00:00:00,3.16
1989-08-31 00:00:00,3.06
1989-09-30 00:00:00,3.09
1989-10-31 00:00:00,3.12
1989-11-30 00:00:00,3.22
1989-12-31 00:00:00,3.17
1990-01-31 00:00:00,3.28
1990-02-28 00:00:00,3.40
1990-03-31 00:00:00,3.34
1990-04-30 00:00:00,3.38
1990-05-31 00:00:00,3.30
1990-06-30 00:00:00,3.24
1990-07-31 00:00:00,3.26
1990-08-31 00:00:00,3.56
1990-09-30 00:00:00,3.75
1990-10-31 00:00:00,3.88
1990-11-30 00:00:00,3.81
1990-12-31 00:00:00,3.68
1991-01-31 00:00:00,3.72
1991-02-28 00:00:00,3.34
1991-03-31 00:00:00,3.25
1991-04-30 00:00:00,3.19
1991-05-31 00:00:00,3.21
1991-06-30 00:00:00,3.21
1991-07-31 00:00:00,3.21
1991-08-31 00:00:00,3.14
1991-09-30 00:00:00,3.17
1991-10-31 00:00:00,3.17
1991-11-30 00:00:00,3.17
1991-12-31 00:00:00,3.14
1992-01-31 00:00:00,2.94
1992-02-29 00:00:00,2.98
1992-03-31 00:00:00,3.03
1992-04-30 00:00:00,3.02
1992-05-31 00:00:00,2.97
1992-06-30 00:00:00,3.02
1992-07-31 00:00:00,2.97
1992-08-31 00:00:00,2.96
1992-09-30 00:00:00,2.96
1992-10-31 00:00:00,3.00
1992-11-30 00:00:00,2.93
1992-12-31 00:00:00,2.84
1993-01-31 00:00:00,2.85
1993-02-28 00:00:00,2.82
1993-03-31 00:00:00,2.77
1993-04-30 00:00:00,2.82
1993-05-31 00:00:00,2.81
1993-06-30 00:00:00,2.79
1993-07-31 00:00:00,2.80
1993-08-31 00:00:00,2.76
1993-09-30 00:00:00,2.73
1993-10-31 00:00:00,2.70
1993-11-30 00:00:00,2.71
1993-12-31 00:00:00,2.70
1994-01-31 00:00:00,2.67
1994-02-28 00:00:00,2.69
1994-03-31 00:00:00,2.74
1994-04-30 00:00:00,2.85
1994-05-31 00:00:00,2.84
1994-06-30 00:00:00,2.82
1994-07-31 00:00:00,2.85
1994-08-31 00:00:00,2.78
1994-09-30 00:00:00,2.77
1994-10-31 00:00:00,2.80
1994-11-30 00:00:00,2.84
1994-12-31 00:00:00,2.89
1995-01-31 00:00:00,2.83
1995-02-28 00:00:00,2.73
1995-03-31 00:00:00,2.67
1995-04-30 00:00:00,2.61
1995-05-31 00:00:00,2.54
1995-06-30 00:00:00,2.48
1995-07-31 00:00:00,2.41
1995-08-31 00:00:00,2.42
1995-09-30 00:00:00,2.35
1995-10-31 00:00:00,2.34
1995-11-30 00:00:00,2.30
1995-12-31 00:00:00,2.24
1996-01-31 00:00:00,2.26
1996-02-29 00:00:00,2.16
1996-03-31 00:00:00,2.18
1996-04-30 00:00:00,2.19
1996-05-31 00:00:00,2.15
1996-06-30 00:00:00,2.14
1996-07-31 00:00:00,2.24
1996-08-31 00:00:00,2.19
1996-09-30 00:00:00,2.17
1996-10-31 00:00:00,2.10
1996-11-30 00:00:00,2.01
1996-12-31 00:00:00,2.00
1997-01-31 00:00:00,1.95
1997-02-28 00:00:00,1.88
1997-03-31 00:00:00,1.90
1997-04-30 00:00:00,1.98
1997-05-31 00:00:00,1.82
1997-06-30 00:00:00,1.73
1997-07-31 00:00:00,1.64
1997-08-31 00:00:00,1.65
1997-09-30 00:00:00,1.64
1997-10-31 00:00:00,1.62
1997-11-30 00:00:00,1.64
1997-12-31 00:00:00,1.61
1998-01-31 00:00:00,1.61
1998-02-28 00:00:00,1.52
1998-03-31 00:00:00,1.45
1998-04-30 00:00:00,1.42
1998-05-31 00:00:00,1.43
1998-06-30 00:00:00,1.44
1998-07-31 00:00:00,1.38
1998-08-31 00:00:00,1.50
1998-09-30 00:00:00,1.58
1998-10-31 00:00:00,1.57
1998-11-30 00:00:00,1.41
1998-12-31 00:00:00,1.36
1999-01-31 00:00:00,1.30
1999-02-28 00:00:00,1.31
1999-03-31 00:00:00,1.28
1999-04-30 00:00:00,1.23
1999-05-31 00:00:00,1.23
1999-06-30 00:00:00,1.24
1999-07-31 00:00:00,1.20
1999-08-31 00:00:00,1.25
1999-09-30 00:00:00,1.26
1999-10-31 00:00:00,1.28
1999-11-30 00:00:00,1.20
1999-12-31 00:00:00,1.17
2000-01-31 00:00:00,1.17
2000-02-29 00:00:00,1.21
2000-03-31 00:00:00,1.16
2000-04-30 00:00:00,1.15
2000-05-31 00:00:00,1.18
2000-06-30 00:00:00,1.14
2000-07-31 00:00:00,1.13
2000-08-31 00:00:00,1.11
2000-09-30 00:00:00,1.11
2000-10-31 00:00:00,1.17
2000-11-30 00:00:00,1.18
2000-12-31 00:00:00,1.22
2001-01-31 00:00:00,1.21
2001-02-28 00:00:00,1.23
2001-03-31 00:00:00,1.35
2001-04-30 00:00:00,1.33
2001-05-31 00:00:00,1.24
2001-06-30 00:00:00,1.27
2001-07-31 00:00:00,1.30
2001-08-31 00:00:00,1.33
2001-09-30 00:00:00,1.51
2001-10-31 00:00:00,1.46
2001-11-30 00:00:00,1.39
2001-12-31 00:00:00,1.37
2002-01-31 00:00:00,1.38
2002-02-28 00:00:00,1.43
2002-03-31 00:00:00,1.36
2002-04-30 00:00:00,1.42
2002-05-31 00:00:00,1.48
2002-06-30 00:00:00,1.58
2002-07-31 00:00:00,1.77
2002-08-31 00:00:00,1.74
2002-09-30 00:00:00,1.82
2002-10-31 00:00:00,1.86
2002-11-30 00:00:00,1.76
2002-12-31 00:00:00,1.79
2003-01-31 00:00:00,1.80
2003-02-28 00:00:00,1.93
2003-03-31 00:00:00,1.92
2003-04-30 00:00:00,1.82
2003-05-31 00:00:00,1.73
2003-06-30 00:00:00,1.64
2003-07-31 00:00:00,1.64
2003-08-31 00:00:00,1.66
2003-09-30 00:00:00,1.63
2003-10-31 00:00:00,1.62
2003-11-30 00:00:00,1.63
2003-12-31 00:00:00,1.61
2004-01-31 00:00:00,1.55
2004-02-29 00:00:00,1.56
2004-03-31 00:00:00,1.60
2004-04-30 00:00:00,1.61
2004-05-31 00:00:00,1.67
2004-06-30 00:00:00,1.64
2004-07-31 00:00:00,1.70
2004-08-31 00:00:00,1.74
2004-09-30 00:00:00,1.71
2004-10-31 00:00:00,1.72
2004-11-30 00:00:00,1.66
2004-12-31 00:00:00,1.62
2005-01-31 00:00:00,1.67
2005-02-28 00:00:00,1.66
2005-03-31 00:00:00,1.69
2005-04-30 00:00:00,1.76
2005-05-31 00:00:00,1.76
2005-06-30 00:00:00,1.74
2005-07-31 00:00:00,1.73
2005-08-31 00:00:00,1.74
2005-09-30 00:00:00,1.75
2005-10-31 00:00:00,1.82
2005-11-30 00:00:00,1.78
2005-12-31 00:00:00,1.76
2006-01-31 00:00:00,1.75
2006-02-28 00:00:00,1.77
2006-03-31 00:00:00,1.76
2006-04-30 00:00:00,1.77
2006-05-31 00:00:00,1.80
2006-06-30 00:00:00,1.87
2006-07-31 00:00:00,1.88
2006-08-31 00:00:00,1.85
2006-09-30 00:00:00,1.83
2006-10-31 00:00:00,1.79
2006-11-30 00:00:00,1.77
2006-12-31 00:00:00,1.76
2007-01-31 00:00:00,1.76
2007-02-28 00:00:00,1.75
2007-03-31 00:00:00,1.81
2007-04-30 00:00:00,1.76
2007-05-31 00:00:00,1.72
2007-06-30 00:00:00,1.73
2007-07-31 00:00:00,1.74
2007-08-31 00:00:00,1.84
2007-09-30 00:00:00,1.80
2007-10-31 00:00:00,1.77
2007-11-30 00:00:00,1.88
2007-12-31 00:00:00,1.87
2008-01-31 00:00:00,2.03
2008-02-29 00:00:00,2.07
2008-03-31 00:00:00,2.15
2008-04-30 00:00:00,2.08
2008-05-31 00:00:00,2.04
2008-06-30 00:00:00,2.14
2008-07-31 00:00:00,2.29
2008-08-31 00:00:00,2.25
2008-09-30 00:00:00,2.37
2008-10-31 00:00:00,2.96
2008-11-30 00:00:00,3.23
2008-12-31 00:00:00,3.23
2009-01-31 00:00:00,3.24
2009-02-28 00:00:00,3.43
2009-03-31 00:00:00,3.60
2009-04-30 00:00:00,3.15
2009-05-31 00:00:00,2.90
2009-06-30 00:00:00,2.76
2009-07-31 00:00:00,2.67
2009-08-31 00:00:00,2.42
2009-09-30 00:00:00,2.29
2009-10-31 00:00:00,2.19
2009-11-30 00:00:00,2.10
2009-12-31 00:00:00,2.02
2010-01-31 00:00:00,1.98
2010-02-28 00:00:00,2.03
2010-03-31 00:00:00,1.90
2010-04-30 00:00:00,1.83
2010-05-31 00:00:00,1.95
2010-06-30 00:00:00,2.03
2010-07-31 00:00:00,2.05
2010-08-31 00:00:00,2.05
2010-09-30 00:00:00,1.99
2010-10-31 00:00:00,1.92
2010-11-30 00:00:00,1.89
2010-12-31 00:00:00,1.83
2011-01-31 00:00:00,1.79
2011-02-28 00:00:00,1.76
2011-03-31 00:00:00,1.80
2011-04-30 00:00:00,1.78
2011-05-31 00:00:00,1.80
2011-06-30 00:00:00,1.89
2011-07-31 00:00:00,1.86
2011-08-31 00:00:00,2.10
2011-09-30 00:00:00,2.15
2011-10-31 00:00:00,2.12
2011-11-30 00:00:00,2.12
2011-12-31 00:00:00,2.13
2012-01-31 00:00:00,2.06
2012-02-29 00:00:00,2.00
2012-03-31 00:00:00,1.97
2012-04-30 00:00:00,2.00
2012-05-31 00:00:00,2.09
2012-06-30 00:00:00,2.14
2012-07-31 00:00:00,2.11
2012-08-31 00:00:00,2.08
2012-09-30 00:00:00,2.05
2012-10-31 00:00:00,2.10
2012-11-30 00:00:00,2.20
2012-12-31 00:00:00,2.20
2013-01-31 00:00:00,2.13
2013-02-28 00:00:00,2.10
2013-03-31 00:00:00,2.07
2013-04-30 00:00:00,2.07
2013-05-31 00:00:00,2.01
2013-06-30 00:00:00,2.06
2013-07-31 00:00:00,2.02
2013-08-31 00:00:00,2.04
2013-09-30 00:00:00,2.04
2013-10-31 00:00:00,2.01
2013-11-30 00:00:00,1.95
2013-12-31 00:00:00,1.94
2014-01-31 00:00:00,1.94
2014-02-28 00:00:00,1.97
2014-03-31 00:00:00,1.94
2014-04-30 00:00:00,1.96
2014-05-31 00:00:00,1.96
2014-06-30 00:00:00,1.92
2014-07-31 00:00:00,1.91
2014-08-31 00:00:00,1.94
2014-09-30 00:00:00,1.93
2014-10-31 00:00:00,2.00
2014-11-30 00:00:00,1.91
2014-12-31 00:00:00,1.92
2015-01-31 00:00:00,1.97
2015-02-28 00:00:00,1.94
2015-03-31 00:00:00,1.96
2015-04-30 00:00:00,1.96
2015-05-31 00:00:00,1.96
2015-06-30 00:00:00,1.99
2015-07-31 00:00:00,2.01
2015-08-31 00:00:00,2.07
2015-09-30 00:00:00,2.19
2015-10-31 00:00:00,2.11
2015-11-30 00:00:00,2.07
2015-12-31 00:00:00,2.11
2016-01-31 00:00:00,2.27
2016-02-29 00:00:00,2.30
2016-03-31 00:00:00,2.17
2016-04-30 00:00:00,2.12
2016-05-31 00:00:00,2.14
2016-06-30 00:00:00,2.13
2016-07-31 00:00:00,2.08
2016-08-31 00:00:00,2.07
2016-09-30 00:00:00,2.09
2016-10-31 00:00:00,2.11
2016-11-30 00:00:00,2.10
2016-12-31 00:00:00,2.03
2017-01-31 00:00:00,2.02
2017-02-28 00:00:00,1.98
2017-03-31 00:00:00,1.96
2017-04-30 00:00:00,1.98
2017-05-31 00:00:00,1.96
2017-06-30 00:00:00,1.94
2017-07-31 00:00:00,1.94
2017-08-31 00:00:00,1.95
2017-09-30 00:00:00,1.93
2017-10-31 00:00:00,1.89
2017-11-30 00:00:00,1.88
2017-12-31 00:00:00,1.84
2018-01-31 00:00:00,1.77
2018-02-28 00:00:00,1.84
2018-03-31 00:00:00,1.85
2018-04-30 00:00:00,1.90
2018-05-31 00:00:00,1.88
2018-06-30 00:00:00,1.85
2018-07-31 00:00:00,1.84
2018-08-31 00:00:00,1.82
2018-09-30 00:00:00,1.80
2018-10-31 00:00:00,1.90
2018-11-30 00:00:00,1.96
2018-12-31 00:00:00,2.09
2019-01-31 00:00:00,2.08
2019-02-28 00:00:00,1.98
2019-03-31 00:00:00,1.96
2019-04-30 00:00:00,1.90
2019-05-31 00:00:00,1.95
2019-06-30 00:00:00,1.94
2019-07-31 00:00:00,1.88
2019-08-31 00:00:00,1.96
2019-09-30 00:00:00,1.92
2019-10-31 00:00:00,1.93
2019-11-01 00:00:00,1.87
2019-11-30 00:00:00,1.86
2019-12-31 00:00:00,1.83
2020-01-31 00:00:00,1.79
2020-02-28 00:00:00,1.97
2020-02-29 00:00:00,1.80
2020-03-31 00:00:00,2.25
2020-04-01 00:00:00,2.41
2020-04-30 00:00:00,2.16
2020-05-01 00:00:00,2.10
2020-05-31 00:00:00,2.04
2020-06-01 00:00:00,1.95
2020-06-30 00:00:00,1.92
2020-07-01 00:00:00,1.91
2020-07-31 00:00:00,1.85
2020-08-31 00:00:00,1.74
2020-09-01 00:00:00,1.69
2020-09-30 00:00:00,1.75
2020-10-01 00:00:00,1.77
2020-10-31 00:00:00,1.74
,
